20100717.0000,1.0000,0.0495,0.0495,0.0495,0.0495,20.0000,0.0495,0.0000
20100718.0000,5.0000,0.0594,0.0858,0.0594,0.0858,75.0100,0.0679,0.0103
20100719.0000,10.0000,0.0909,0.0931,0.0772,0.0808,574.0000,0.0865,0.0055
20100720.0000,18.0000,0.0818,0.0818,0.0743,0.0747,262.0000,0.0786,0.0026
20100721.0000,28.0000,0.0742,0.0792,0.0663,0.0792,575.0000,0.0735,0.0042
20100722.0000,116.0000,0.0792,0.0818,0.0505,0.0505,2160.0000,0.0601,0.0056
20100723.0000,42.0000,0.0505,0.0677,0.0505,0.0626,2402.5000,0.0587,0.0048
20100724.0000,16.0000,0.0616,0.0616,0.0505,0.0545,496.3200,0.0539,0.0041
20100725.0000,15.0000,0.0554,0.0594,0.0505,0.0505,1551.4800,0.0548,0.0030
20100726.0000,18.0000,0.0500,0.0560,0.0500,0.0560,877.0000,0.0535,0.0023
20100727.0000,37.0000,0.0530,0.0605,0.0530,0.0600,3373.6900,0.0584,0.0019
20100728.0000,26.0000,0.0600,0.0620,0.0540,0.0589,4390.2900,0.0583,0.0023
20100729.0000,54.0000,0.0597,0.0699,0.0571,0.0699,8058.4900,0.0656,0.0039
20100730.0000,29.0000,0.0698,0.0698,0.0582,0.0627,3020.8500,0.0657,0.0040
20100731.0000,43.0000,0.0650,0.0689,0.0560,0.0678,4022.2500,0.0606,0.0037
20100801.0000,20.0000,0.0610,0.0650,0.0600,0.0611,2601.0000,0.0625,0.0019
20100802.0000,18.0000,0.0627,0.0633,0.0600,0.0600,3599.0000,0.0615,0.0010
20100803.0000,57.0000,0.0600,0.0650,0.0590,0.0600,9821.4600,0.0617,0.0013
20100804.0000,18.0000,0.0623,0.0623,0.0570,0.0570,3494.0000,0.0603,0.0017
20100805.0000,16.0000,0.0581,0.0610,0.0580,0.0610,5034.0700,0.0603,0.0009
20100806.0000,13.0000,0.0620,0.0624,0.0607,0.0623,1395.0000,0.0616,0.0005
20100807.0000,18.0000,0.0608,0.0622,0.0590,0.0590,2619.0000,0.0601,0.0009
20100808.0000,5.0000,0.0590,0.0610,0.0590,0.0609,2201.0000,0.0602,0.0007
20100809.0000,81.0000,0.0609,0.0735,0.0593,0.0710,13631.0900,0.0651,0.0034
20100810.0000,17.0000,0.0680,0.0709,0.0665,0.0700,1310.3900,0.0678,0.0017
20100811.0000,79.0000,0.0600,0.0754,0.0600,0.0670,14061.1800,0.0722,0.0041
20100812.0000,13.0000,0.0680,0.0700,0.0614,0.0700,2062.3100,0.0652,0.0021
20100813.0000,20.0000,0.0665,0.0680,0.0645,0.0645,3591.7700,0.0651,0.0010
20100814.0000,17.0000,0.0655,0.0695,0.0645,0.0670,4404.2000,0.0671,0.0016
20100815.0000,21.0000,0.0670,0.0670,0.0650,0.0653,4462.8660,0.0661,0.0005
20100816.0000,49.0000,0.0632,0.0679,0.0620,0.0655,10731.4600,0.0649,0.0016
20100817.0000,75.0000,0.0655,0.0769,0.0624,0.0700,13185.7400,0.0694,0.0033
20100818.0000,20.0000,0.0700,0.0733,0.0670,0.0680,2953.9750,0.0690,0.0019
20100819.0000,6.0000,0.0679,0.0679,0.0667,0.0667,741.1150,0.0675,0.0004
20100820.0000,22.0000,0.0667,0.0667,0.0650,0.0655,4199.7470,0.0658,0.0005
20100821.0000,22.0000,0.0655,0.0669,0.0644,0.0664,10443.8600,0.0659,0.0008
20100822.0000,132.0000,0.0650,0.0664,0.0612,0.0660,18648.9700,0.0635,0.0010
20100823.0000,36.0000,0.0660,0.0669,0.0630,0.0649,4297.4900,0.0656,0.0010
20100824.0000,23.0000,0.0649,0.0665,0.0649,0.0650,6711.7570,0.0663,0.0007
20100825.0000,23.0000,0.0650,0.0665,0.0641,0.0648,4228.8800,0.0659,0.0007
20100826.0000,16.0000,0.0648,0.0658,0.0640,0.0640,3870.0100,0.0650,0.0006
20100827.0000,26.0000,0.0640,0.0650,0.0630,0.0650,9009.9730,0.0648,0.0008
20100828.0000,158.0000,0.0650,0.0650,0.0641,0.0641,6174.0050,0.0647,0.0002
20100829.0000,15.0000,0.0647,0.0648,0.0640,0.0640,3173.4020,0.0646,0.0003
20100830.0000,145.0000,0.0646,0.0690,0.0321,0.0650,34193.1300,0.0624,0.0064
20100831.0000,43.0000,0.0641,0.0649,0.0600,0.0600,14886.9000,0.0627,0.0016
20100901.0000,104.0000,0.0620,0.0629,0.0596,0.0629,7164.7220,0.0610,0.0009
20100902.0000,25.0000,0.0610,0.0634,0.0601,0.0634,8150.7300,0.0612,0.0012
20100903.0000,27.0000,0.0610,0.0630,0.0609,0.0609,892.0000,0.0612,0.0008
20100904.0000,8.0000,0.0612,0.0624,0.0612,0.0624,3301.0000,0.0613,0.0005
20100905.0000,60.0000,0.0624,0.0640,0.0605,0.0616,8459.2400,0.0624,0.0010
20100906.0000,4.0000,0.0627,0.0627,0.0616,0.0616,910.0000,0.0617,0.0005
20100907.0000,27.0000,0.0616,0.0620,0.0603,0.0610,3457.1920,0.0614,0.0005
20100908.0000,10.0000,0.0610,0.0620,0.0610,0.0620,2345.4100,0.0611,0.0004
20100909.0000,23.0000,0.0611,0.0624,0.0611,0.0611,1733.5020,0.0621,0.0005
20100910.0000,24.0000,0.0610,0.0618,0.0601,0.0618,4939.7880,0.0611,0.0007
20100911.0000,35.0000,0.0619,0.0650,0.0619,0.0637,7749.1400,0.0634,0.0011
20100912.0000,11.0000,0.0621,0.0621,0.0615,0.0615,793.8800,0.0617,0.0003
20100913.0000,41.0000,0.0620,0.0640,0.0607,0.0622,10076.3300,0.0627,0.0010
20100914.0000,125.0000,0.0620,0.1750,0.0610,0.0620,14014.8000,0.0626,0.0134
20100915.0000,19.0000,0.0625,0.0625,0.0604,0.0604,3651.8500,0.0611,0.0006
20100916.0000,2.0000,0.0618,0.0619,0.0618,0.0619,730.0000,0.0619,0.0001
20100917.0000,26.0000,0.0609,0.0609,0.0590,0.0590,7262.0000,0.0604,0.0005
20100918.0000,23.0000,0.0590,0.0610,0.0576,0.0610,7092.6090,0.0603,0.0012
20100919.0000,28.0000,0.0609,0.0627,0.0600,0.0627,12852.1700,0.0620,0.0007
20100920.0000,33.0000,0.0621,0.0634,0.0620,0.0621,14307.9400,0.0623,0.0004
20100921.0000,24.0000,0.0631,0.0633,0.0623,0.0626,5735.9460,0.0627,0.0004
20100922.0000,30.0000,0.0624,0.0624,0.0615,0.0622,11560.4000,0.0621,0.0003
20100923.0000,56.0000,0.0621,0.0630,0.0615,0.0623,15505.3300,0.0626,0.0004
20100924.0000,8.0000,0.0621,0.0624,0.0621,0.0622,684.3750,0.0623,0.0001
20100925.0000,17.0000,0.0622,0.0624,0.0617,0.0620,2152.5000,0.0618,0.0002
20100926.0000,22.0000,0.0620,0.0623,0.0619,0.0620,12058.1200,0.0620,0.0001
20100927.0000,47.0000,0.0621,0.0623,0.0619,0.0622,10752.2400,0.0622,0.0001
20100928.0000,34.0000,0.0620,0.0627,0.0617,0.0619,7086.1530,0.0620,0.0002
20100929.0000,63.0000,0.0620,0.0620,0.0615,0.0619,23475.6400,0.0618,0.0001
20100930.0000,27.0000,0.0617,0.0619,0.0616,0.0619,7917.0250,0.0617,0.0001
20101001.0000,19.0000,0.0619,0.0620,0.0619,0.0620,1717.4500,0.0620,4.9187
20101002.0000,38.0000,0.0619,0.0619,0.0612,0.0614,13059.7300,0.0614,0.0002
20101003.0000,35.0000,0.0614,0.0614,0.0610,0.0611,7172.6330,0.0613,0.0001
20101004.0000,52.0000,0.0611,0.0620,0.0608,0.0613,33995.3600,0.0612,0.0003
20101005.0000,89.0000,0.0613,0.0630,0.0609,0.0614,27526.6100,0.0617,0.0006
20101006.0000,92.0000,0.0614,0.0635,0.0612,0.0628,33433.3000,0.0625,0.0007
20101007.0000,114.0000,0.0631,0.0670,0.0628,0.0670,43692.9800,0.0644,0.0012
20101008.0000,258.0000,0.0670,0.0880,0.0100,0.0868,139287.2000,0.0774,0.0075
20101009.0000,365.0000,0.0841,0.1200,0.0680,0.0938,187846.9000,0.0857,0.0084
20101010.0000,86.0000,0.0930,0.1301,0.0800,0.0965,50684.1900,0.0965,0.0131
20101011.0000,18.0000,0.0910,0.1030,0.0910,0.0950,14092.9000,0.0990,0.0035
20101012.0000,82.0000,0.0940,0.0990,0.0820,0.0949,25660.7400,0.0934,0.0032
20101013.0000,68.0000,0.0920,0.1050,0.0920,0.1050,47557.2600,0.0959,0.0042
20101014.0000,62.0000,0.1045,0.1045,0.0650,0.1020,37217.2800,0.0995,0.0100
20101015.0000,36.0000,0.1000,0.1190,0.0920,0.1050,24643.3300,0.1037,0.0065
20101016.0000,9.0000,0.1000,0.1030,0.1000,0.1010,6284.7080,0.1008,0.0013
20101017.0000,16.0000,0.1020,0.1045,0.1000,0.1020,18222.1900,0.1020,0.0013
20101018.0000,25.0000,0.1030,0.1030,0.0970,0.1024,25665.0800,0.1010,0.0016
20101019.0000,18.0000,0.1000,0.1019,0.0970,0.0970,6235.1000,0.1000,0.0016
20101020.0000,46.0000,0.1000,0.1030,0.0940,0.0990,31855.0000,0.1011,0.0023
20101021.0000,35.0000,0.0972,0.1090,0.0970,0.1070,44867.0000,0.1029,0.0031
20101022.0000,41.0000,0.1015,0.1090,0.1015,0.1025,34603.9000,0.1059,0.0022
20101023.0000,11.0000,0.1080,0.1090,0.1045,0.1055,4423.4690,0.1089,0.0015
20101024.0000,59.0000,0.1080,0.1900,0.1080,0.1150,13800.2300,0.1131,0.0232
20101025.0000,49.0000,0.0901,0.1900,0.0901,0.1320,30299.6300,0.1469,0.0259
20101026.0000,27.0000,0.1330,0.1800,0.1330,0.1503,19219.1200,0.1558,0.0133
20101027.0000,63.0000,0.1510,0.1900,0.1510,0.1877,65605.8700,0.1767,0.0109
20101028.0000,44.0000,0.1845,0.1910,0.1731,0.1731,21525.0300,0.1863,0.0053
20101029.0000,49.0000,0.1799,0.1900,0.1730,0.1900,28686.8500,0.1876,0.0037
20101030.0000,42.0000,0.1876,0.1990,0.1875,0.1989,26708.9400,0.1914,0.0029
20101031.0000,45.0000,0.1940,0.1989,0.1710,0.1925,40337.7500,0.1941,0.0073
20101101.0000,59.0000,0.1925,0.1955,0.1720,0.1955,21258.6100,0.1905,0.0057
20101102.0000,15.0000,0.1920,0.1950,0.1905,0.1938,5853.3940,0.1916,0.0014
20101103.0000,145.0000,0.1938,0.2750,0.1250,0.1931,61472.6200,0.1915,0.0297
20101104.0000,57.0000,0.1988,0.2360,0.1934,0.2300,29698.4300,0.2097,0.0148
20101105.0000,71.0000,0.2101,0.2639,0.2101,0.2600,36622.0700,0.2391,0.0135
20101106.0000,100.0000,0.2620,0.5000,0.2402,0.3900,32756.1200,0.2869,0.0662
20101107.0000,231.0000,0.4700,0.4700,0.2860,0.3400,77218.7100,0.3618,0.0417
20101108.0000,240.0000,0.3459,0.3700,0.2261,0.2430,118203.8000,0.3243,0.0305
20101109.0000,168.0000,0.2510,0.3230,0.1990,0.2100,47983.3900,0.2669,0.0383
20101110.0000,140.0000,0.2101,0.2400,0.1400,0.2400,30387.0200,0.2011,0.0261
20101111.0000,38.0000,0.2299,0.2400,0.2100,0.2231,5031.8800,0.2209,0.0092
20101112.0000,91.0000,0.2289,0.2900,0.2230,0.2682,40720.3800,0.2577,0.0175
20101113.0000,107.0000,0.2799,0.3000,0.2683,0.2760,21915.5700,0.2898,0.0096
20101114.0000,61.0000,0.2760,0.2990,0.2702,0.2790,16844.3200,0.2846,0.0095
20101115.0000,50.0000,0.2790,0.2828,0.2682,0.2682,8507.7400,0.2747,0.0057
20101116.0000,57.0000,0.2683,0.2750,0.2230,0.2230,33931.0100,0.2537,0.0162
20101117.0000,102.0000,0.2230,0.2900,0.2116,0.2299,32871.6000,0.2635,0.0219
20101118.0000,93.0000,0.2221,0.2830,0.2221,0.2678,37446.6700,0.2738,0.0147
20101119.0000,29.0000,0.2683,0.2800,0.2682,0.2800,2157.5620,0.2704,0.0042
20101120.0000,84.0000,0.2800,0.2900,0.2682,0.2830,14652.6900,0.2811,0.0047
20101121.0000,10.0000,0.2763,0.2820,0.2763,0.2767,765.0000,0.2780,0.0020
20101122.0000,54.0000,0.2768,0.2879,0.2690,0.2879,28205.8500,0.2772,0.0057
20101123.0000,23.0000,0.2825,0.2845,0.2760,0.2829,4856.9230,0.2804,0.0026
20101124.0000,14.0000,0.2829,0.2830,0.2761,0.2830,2514.9120,0.2824,0.0027
20101125.0000,58.0000,0.2825,0.2825,0.2780,0.2800,1679.5950,0.2798,0.0021
20101126.0000,198.0000,0.2790,0.2890,0.2761,0.2844,33531.8700,0.2836,0.0034
20101127.0000,8.0000,0.2844,0.2844,0.2826,0.2830,1825.3880,0.2826,0.0006
20101128.0000,101.0000,0.2830,0.2846,0.2700,0.2700,20802.1200,0.2762,0.0040
20101129.0000,153.0000,0.2790,0.2790,0.2151,0.2299,35055.4000,0.2511,0.0150
20101130.0000,67.0000,0.2299,0.2299,0.2040,0.2082,21476.2500,0.2128,0.0068
20101201.0000,50.0000,0.2095,0.2299,0.2095,0.2275,8157.8940,0.2148,0.0059
20101202.0000,128.0000,0.2280,0.2553,0.2180,0.2550,20312.2300,0.2363,0.0096
20101203.0000,30.0000,0.2500,0.2552,0.2430,0.2510,2570.3450,0.2466,0.0045
20101204.0000,137.0000,0.2550,0.2589,0.2050,0.2050,28560.7100,0.2337,0.0166
20101205.0000,71.0000,0.2200,0.2350,0.1900,0.1900,5740.1750,0.2052,0.0113
20101206.0000,41.0000,0.2250,0.2250,0.1841,0.2040,4319.2550,0.1998,0.0114
20101207.0000,106.0000,0.1938,0.2477,0.1701,0.2330,24592.9100,0.2201,0.0241
20101208.0000,33.0000,0.2400,0.2400,0.2200,0.2388,3430.4100,0.2303,0.0070
20101209.0000,136.0000,0.2260,0.2330,0.1701,0.2000,21336.3200,0.2068,0.0128
20101210.0000,45.0000,0.2000,0.2040,0.1825,0.2040,1684.2540,0.1948,0.0090
20101211.0000,41.0000,0.2040,0.2280,0.1907,0.2280,5788.6860,0.2189,0.0096
20101212.0000,32.0000,0.2080,0.2279,0.2068,0.2200,1963.5580,0.2133,0.0075
20101213.0000,52.0000,0.2101,0.2300,0.2100,0.2299,6415.5900,0.2223,0.0059
20101214.0000,54.0000,0.2289,0.2468,0.2100,0.2467,10388.0900,0.2314,0.0096
20101215.0000,27.0000,0.2450,0.2460,0.2380,0.2380,3684.6800,0.2446,0.0029
20101216.0000,47.0000,0.2380,0.2550,0.2222,0.2500,14355.3300,0.2454,0.0101
20101217.0000,11.0000,0.2490,0.2490,0.2400,0.2400,525.5130,0.2477,0.0042
20101218.0000,7.0000,0.2487,0.2488,0.2410,0.2410,169.1090,0.2464,0.0027
20101219.0000,13.0000,0.2480,0.2499,0.2400,0.2401,2000.7570,0.2437,0.0042
20101220.0000,59.0000,0.2401,0.2750,0.2400,0.2670,10682.7000,0.2593,0.0095
20101221.0000,41.0000,0.2600,0.2670,0.2400,0.2400,9225.7890,0.2484,0.0089
20101222.0000,16.0000,0.2440,0.2500,0.2440,0.2500,3800.4580,0.2498,0.0022
20101223.0000,43.0000,0.2480,0.2500,0.2410,0.2500,8650.1480,0.2498,0.0022
20101224.0000,21.0000,0.2500,0.2500,0.2420,0.2480,5033.2490,0.2488,0.0031
20101225.0000,9.0000,0.2475,0.2500,0.2475,0.2499,703.0000,0.2496,0.0011
20101226.0000,29.0000,0.2499,0.2700,0.2464,0.2650,16584.9700,0.2534,0.0072
20101227.0000,29.0000,0.2510,0.2700,0.2510,0.2650,4935.4900,0.2574,0.0050
20101228.0000,47.0000,0.2640,0.2810,0.2612,0.2810,15438.7000,0.2746,0.0067
20101229.0000,75.0000,0.2710,0.3010,0.2710,0.3000,18609.1400,0.2882,0.0071
20101230.0000,8.0000,0.2910,0.3000,0.2910,0.3000,2539.8730,0.2992,0.0038
20101231.0000,37.0000,0.3000,0.3000,0.2920,0.3000,1453.7190,0.2947,0.0039
20110101.0000,16.0000,0.2920,0.3000,0.2920,0.3000,2821.2430,0.2984,0.0040
20110102.0000,26.0000,0.2946,0.3000,0.2890,0.3000,5352.1080,0.2961,0.0034
20110103.0000,25.0000,0.2900,0.2999,0.2900,0.2950,1425.1900,0.2953,0.0035
20110104.0000,21.0000,0.2960,0.2999,0.2890,0.2989,1879.0030,0.2918,0.0034
20110105.0000,8.0000,0.2900,0.2990,0.2900,0.2990,357.1570,0.2973,0.0038
20110106.0000,19.0000,0.2989,0.2990,0.2900,0.2980,3456.4890,0.2984,0.0031
20110107.0000,75.0000,0.2975,0.3220,0.2975,0.3200,42601.1100,0.3087,0.0081
20110108.0000,21.0000,0.3092,0.3229,0.3090,0.3229,1629.4380,0.3142,0.0053
20110109.0000,8.0000,0.3229,0.3230,0.3229,0.3230,1691.3660,0.3229,0.0000
20110110.0000,37.0000,0.3229,0.3290,0.3175,0.3266,10355.8200,0.3245,0.0040
20110111.0000,21.0000,0.3266,0.3266,0.3176,0.3266,4857.8000,0.3250,0.0033
20110112.0000,68.0000,0.3265,0.3557,0.3180,0.3188,31359.7600,0.3351,0.0106
20110113.0000,136.0000,0.3187,0.4050,0.3176,0.3176,20118.8900,0.3552,0.0317
20110114.0000,77.0000,0.3176,0.4500,0.3176,0.4000,27130.9500,0.3941,0.0214
20110115.0000,29.0000,0.4000,0.4000,0.3850,0.3860,1515.6610,0.3900,0.0072
20110116.0000,58.0000,0.3994,0.4000,0.3860,0.3868,2778.7100,0.3905,0.0066
20110117.0000,139.0000,0.3868,0.3868,0.3150,0.3495,18241.1400,0.3487,0.0288
20110118.0000,77.0000,0.3495,0.3495,0.3050,0.3130,15671.5000,0.3159,0.0137
20110119.0000,35.0000,0.3130,0.3130,0.3050,0.3130,7291.6270,0.3082,0.0025
20110120.0000,99.0000,0.3130,0.3900,0.3100,0.3900,19881.9700,0.3471,0.0214
20110121.0000,83.0000,0.3899,0.4400,0.3680,0.4199,8477.5450,0.3954,0.0201
20110122.0000,76.0000,0.4100,0.4443,0.3900,0.4443,10534.2700,0.4285,0.0119
20110123.0000,27.0000,0.4443,0.4443,0.4200,0.4424,1148.4020,0.4405,0.0081
20110124.0000,122.0000,0.4424,0.4424,0.3810,0.4199,11061.9300,0.4083,0.0144
20110125.0000,25.0000,0.4199,0.4250,0.4000,0.4100,2163.7180,0.4165,0.0077
20110126.0000,93.0000,0.4112,0.4200,0.3904,0.4170,15564.8000,0.4058,0.0070
20110127.0000,61.0000,0.4095,0.4500,0.4085,0.4212,27708.1900,0.4362,0.0150
20110128.0000,44.0000,0.4223,0.4460,0.4212,0.4460,5324.4970,0.4323,0.0060
20110129.0000,9.0000,0.4450,0.4450,0.4300,0.4390,1448.3820,0.4444,0.0056
20110130.0000,71.0000,0.4450,0.4800,0.4450,0.4799,10383.5900,0.4599,0.0122
20110131.0000,159.0000,0.4798,0.9500,0.4700,0.5200,63516.0700,0.5150,0.0881
20110201.0000,168.0000,0.5451,0.8500,0.5201,0.7000,31562.1100,0.7371,0.0808
20110202.0000,87.0000,0.7100,0.7600,0.6900,0.7160,5627.4800,0.7332,0.0187
20110203.0000,100.0000,0.7218,0.7500,0.6501,0.6900,8524.5010,0.7114,0.0227
20110204.0000,201.0000,0.7200,0.8800,0.6700,0.8110,42222.1800,0.8045,0.0535
20110205.0000,135.0000,0.8390,0.9200,0.8115,0.9200,15786.8100,0.8636,0.0281
20110206.0000,135.0000,0.9200,0.9200,0.8300,0.8997,8744.1060,0.8702,0.0267
20110207.0000,87.0000,0.8997,0.9000,0.8300,0.8900,2264.2800,0.8610,0.0209
20110208.0000,77.0000,0.8900,0.9180,0.8617,0.9180,7021.2880,0.8982,0.0140
20110209.0000,265.0000,0.9050,1.0900,0.8200,1.0900,49632.5000,0.9561,0.0588
20110210.0000,268.0000,1.0800,1.1000,0.8000,0.9803,26559.6400,0.9627,0.0853
20110211.0000,219.0000,0.9800,1.0899,0.9264,1.0700,13299.1700,0.9936,0.0456
20110212.0000,96.0000,1.0100,1.0800,0.9906,1.0799,4118.9200,1.0570,0.0280
20110213.0000,59.0000,1.0511,1.0800,1.0201,1.0500,3240.6400,1.0487,0.0203
20110214.0000,132.0000,1.0400,1.0800,1.0330,1.0700,7096.5480,1.0614,0.0155
20110215.0000,104.0000,1.0600,1.0850,1.0350,1.0500,8616.5770,1.0544,0.0141
20110216.0000,94.0000,1.0500,1.0502,1.0201,1.0450,7192.3750,1.0379,0.0085
20110217.0000,64.0000,1.0450,1.0502,1.0200,1.0400,4009.8440,1.0437,0.0097
20110218.0000,290.0000,1.0310,1.0402,0.7801,0.8989,36948.1500,0.8856,0.0866
20110219.0000,95.0000,0.8376,0.9800,0.8376,0.9490,3798.7080,0.9094,0.0312
20110220.0000,62.0000,0.9490,0.9490,0.8300,0.8500,9974.0460,0.8526,0.0259
20110221.0000,32.0000,0.8313,0.8796,0.8313,0.8345,1700.1210,0.8446,0.0154
20110222.0000,123.0000,0.8500,0.9500,0.8313,0.8702,12095.2600,0.8805,0.0370
20110223.0000,84.0000,0.9100,0.9450,0.8681,0.9000,6718.8720,0.9016,0.0231
20110224.0000,110.0000,0.9300,1.0000,0.9000,0.9974,13418.6800,0.9470,0.0304
20110225.0000,109.0000,0.9700,0.9998,0.9111,0.9111,4461.0610,0.9586,0.0251
20110226.0000,62.0000,0.9112,0.9700,0.9106,0.9580,4744.4060,0.9385,0.0181
20110227.0000,132.0000,0.9580,0.9580,0.8900,0.8900,23268.7500,0.9273,0.0213
20110228.0000,99.0000,0.8901,0.9200,0.8450,0.8600,4651.6740,0.8833,0.0248
20110301.0000,136.0000,0.8601,0.9700,0.8502,0.9202,22569.7800,0.9488,0.0260
20110302.0000,61.0000,0.9202,0.9400,0.9102,0.9399,2741.8730,0.9242,0.0118
20110303.0000,60.0000,0.9128,0.9399,0.9100,0.9391,2746.6700,0.9177,0.0134
20110304.0000,54.0000,0.9202,0.9391,0.9001,0.9010,2711.8850,0.9106,0.0101
20110305.0000,117.0000,0.9100,0.9189,0.8111,0.9103,12570.5800,0.8842,0.0275
20110306.0000,140.0000,0.9098,0.9098,0.8100,0.8999,12626.4900,0.8534,0.0288
20110307.0000,98.0000,0.8700,0.9090,0.8460,0.8850,15271.2600,0.8858,0.0187
20110308.0000,68.0000,0.8850,0.8850,0.8500,0.8700,4527.8510,0.8683,0.0115
20110309.0000,57.0000,0.8513,0.8700,0.8500,0.8645,4546.0460,0.8538,0.0080
20110310.0000,109.0000,0.8645,0.9329,0.8497,0.9329,8869.0130,0.8902,0.0268
20110311.0000,57.0000,0.8900,0.9250,0.8601,0.8800,3725.5120,0.8862,0.0219
20110312.0000,55.0000,0.8800,0.9197,0.8800,0.9180,4822.8290,0.8957,0.0120
20110313.0000,21.0000,0.9050,0.9180,0.8898,0.8925,660.3100,0.9017,0.0105
20110314.0000,57.0000,0.8925,0.9000,0.8800,0.8949,5269.2350,0.8875,0.0072
20110315.0000,47.0000,0.8949,0.8949,0.8700,0.8700,2732.1570,0.8804,0.0061
20110316.0000,128.0000,0.8710,0.8800,0.8360,0.8600,7929.6150,0.8527,0.0117
20110317.0000,103.0000,0.8450,0.8800,0.8100,0.8254,7159.7790,0.8440,0.0223
20110318.0000,123.0000,0.8499,0.8506,0.7100,0.8165,14226.2200,0.7712,0.0365
20110319.0000,98.0000,0.7800,0.7970,0.7313,0.7650,9875.0380,0.7552,0.0169
20110320.0000,71.0000,0.7630,0.7900,0.7402,0.7411,5815.3190,0.7743,0.0163
20110321.0000,93.0000,0.7614,0.7724,0.7405,0.7590,3695.9620,0.7523,0.0095
20110322.0000,154.0000,0.7590,0.8100,0.7405,0.8090,12147.7200,0.7820,0.0171
20110323.0000,190.0000,0.8100,0.8500,0.7800,0.8497,13262.2500,0.8316,0.0165
20110324.0000,184.0000,0.8320,0.9000,0.8266,0.8669,14009.3600,0.8751,0.0230
20110325.0000,97.0000,0.8669,0.8900,0.8610,0.8838,4819.4150,0.8768,0.0081
20110326.0000,153.0000,0.8837,0.9050,0.8410,0.8552,11756.4200,0.8719,0.0168
20110327.0000,106.0000,0.8290,0.8721,0.8152,0.8200,5337.1450,0.8317,0.0167
20110328.0000,127.0000,0.8200,0.8500,0.7600,0.7990,12565.1500,0.8071,0.0198
20110329.0000,173.0000,0.7989,0.7997,0.7648,0.7925,4215.0170,0.7858,0.0116
20110330.0000,86.0000,0.7925,0.7950,0.7660,0.7897,3218.2210,0.7868,0.0094
20110331.0000,129.0000,0.7897,0.8010,0.7680,0.7846,6875.0820,0.7897,0.0089
20110401.0000,88.0000,0.7846,0.7970,0.7741,0.7741,3186.7670,0.7794,0.0088
20110402.0000,95.0000,0.7750,0.7998,0.7741,0.7820,2493.5950,0.7881,0.0079
20110403.0000,71.0000,0.7820,0.7949,0.7770,0.7790,3931.3850,0.7821,0.0055
20110404.0000,361.0000,0.7800,0.7850,0.5619,0.6800,31155.4500,0.6950,0.0489
20110405.0000,339.0000,0.6800,0.7478,0.5800,0.7100,9730.3030,0.6704,0.0453
20110406.0000,191.0000,0.7477,0.7500,0.6902,0.7400,8703.9460,0.7197,0.0161
20110407.0000,284.0000,0.7480,0.7849,0.7205,0.7538,10832.9900,0.7549,0.0144
20110408.0000,174.0000,0.7538,0.7990,0.7309,0.7500,18207.3000,0.7609,0.0198
20110409.0000,156.0000,0.7500,0.7676,0.7205,0.7300,12119.3900,0.7377,0.0138
20110410.0000,90.0000,0.7500,0.7589,0.7100,0.7369,5348.9800,0.7378,0.0146
20110411.0000,286.0000,0.7369,0.7990,0.7103,0.7700,14645.9200,0.7685,0.0165
20110412.0000,706.0000,0.7787,0.8990,0.7703,0.8600,48417.6000,0.8537,0.0362
20110413.0000,436.0000,0.8600,1.0000,0.8600,0.9225,43397.5500,0.9325,0.0323
20110414.0000,497.0000,0.9390,1.0000,0.9100,1.0000,31111.8700,0.9528,0.0322
20110415.0000,750.0000,1.0000,1.0900,0.9110,0.9899,50304.6100,1.0037,0.0383
20110416.0000,660.0000,0.9841,1.0950,0.9541,1.0499,28869.2900,1.0425,0.0334
20110417.0000,597.0000,1.0480,1.1400,1.0255,1.1123,24225.6900,1.0768,0.0305
20110418.0000,586.0000,1.1389,1.1999,1.1103,1.1620,27478.6900,1.1483,0.0203
20110419.0000,438.0000,1.1618,1.1979,1.1436,1.1979,12556.7300,1.1772,0.0142
20110420.0000,498.0000,1.1810,1.1979,1.1300,1.1421,21344.9500,1.1568,0.0155
20110421.0000,505.0000,1.1421,1.2100,1.1400,1.2100,39295.6900,1.1794,0.0207
20110422.0000,975.0000,1.2100,1.4100,1.1890,1.4090,39415.3900,1.2921,0.0603
20110423.0000,1212.0000,1.3911,1.9500,1.3202,1.7001,66620.3500,1.5497,0.1615
20110424.0000,703.0000,1.7999,1.9500,1.6000,1.6301,21541.6900,1.6747,0.0592
20110425.0000,578.0000,1.6310,1.7010,1.5211,1.5590,13471.6000,1.5757,0.0461
20110426.0000,888.0000,1.5810,1.7949,1.5300,1.7949,24054.3100,1.6717,0.0738
20110427.0000,1224.0000,1.7810,1.9500,1.7200,1.9000,33055.2500,1.8878,0.0575
20110428.0000,2192.0000,1.8920,2.6500,1.6600,2.2106,100238.2000,2.0291,0.2408
20110429.0000,1567.0000,2.2110,2.9500,2.2100,2.8800,57577.3200,2.5870,0.2037
20110430.0000,1217.0000,2.8790,4.1500,2.7500,3.5000,65427.7900,3.2857,0.3982
20110501.0000,1029.0000,3.5000,3.8700,2.5000,3.0331,45772.0700,3.1356,0.2703
20110502.0000,548.0000,3.0988,3.4950,3.0290,3.2000,18333.8300,3.2411,0.1181
20110503.0000,650.0000,3.2000,3.4900,3.1100,3.4100,16919.1700,3.3209,0.1182
20110504.0000,636.0000,3.4180,3.5800,3.2500,3.4061,17278.2800,3.4398,0.0719
20110505.0000,524.0000,3.4013,3.4498,3.3330,3.3330,15350.3400,3.4091,0.0318
20110506.0000,775.0000,3.3330,3.6100,3.2900,3.4500,23014.6900,3.4788,0.0798
20110507.0000,379.0000,3.4500,3.7000,3.4250,3.6410,17833.2800,3.6090,0.0811
20110508.0000,679.0000,3.6410,3.9370,3.6300,3.8659,21132.5100,3.7677,0.0824
20110509.0000,738.0000,3.8696,3.9000,3.6905,3.8000,11520.9200,3.8023,0.0559
20110510.0000,1597.0000,3.8100,5.9900,3.8100,5.8100,56217.3200,4.7399,0.5562
20110511.0000,1711.0000,5.7499,6.0650,4.6000,5.5000,52569.1400,5.3548,0.3797
20110512.0000,1322.0000,5.4898,6.4900,5.2200,6.3002,31722.4600,5.8268,0.3336
20110513.0000,2426.0000,6.3201,8.4500,6.3201,8.1980,64003.3700,7.4815,0.5451
20110514.0000,2213.0000,8.1201,8.9000,5.8300,7.1977,55390.4500,7.8636,0.6798
20110515.0000,1238.0000,7.0022,7.7800,6.2000,6.9870,18294.8700,6.7372,0.3019
20110516.0000,2143.0000,6.9899,8.5000,6.7500,8.0339,44141.4000,7.7716,0.3556
20110517.0000,1582.0000,7.8974,8.3890,6.9799,7.1900,35345.4500,7.5220,0.3500
20110518.0000,1546.0000,7.1911,7.5000,6.6000,6.8800,25403.4300,7.1381,0.2437
20110519.0000,1294.0000,6.7002,7.3400,6.6071,6.8050,24436.4000,6.9623,0.1649
20110520.0000,1877.0000,6.8051,7.1000,5.5772,5.5904,44460.4300,6.2751,0.4228
20110521.0000,1451.0000,5.7999,6.5199,5.5772,6.1197,31111.9000,5.9669,0.2077
20110522.0000,1348.0000,6.1400,6.7594,5.9900,6.6901,23872.1500,6.4691,0.1875
20110523.0000,1998.0000,6.6901,7.4500,6.6900,7.1499,35279.8800,7.1032,0.1529
20110524.0000,1223.0000,7.1499,7.5100,6.9600,7.4200,29282.4700,7.2339,0.1578
20110525.0000,2618.0000,7.4899,9.3300,7.2161,8.3997,64049.9400,7.9767,0.5550
20110526.0000,2566.0000,8.2502,8.9869,8.0100,8.7980,28644.9900,8.5467,0.2120
20110527.0000,1157.0000,8.7002,8.8300,8.5002,8.5002,14431.8300,8.6717,0.0664
20110528.0000,1050.0000,8.5500,8.7000,8.1100,8.3001,12247.7200,8.4476,0.1328
20110529.0000,888.0000,8.3001,8.4900,8.1020,8.4299,7487.5400,8.2990,0.1028
20110530.0000,1531.0000,8.4483,9.0000,8.2500,8.8000,17680.1500,8.7250,0.1949
20110531.0000,2618.0000,8.8000,9.4998,8.1000,8.7410,45794.4200,8.8850,0.3099
20110601.0000,2910.0000,8.7410,9.6987,8.3000,9.5700,43479.9600,9.2126,0.3001
20110602.0000,3266.0000,9.6000,10.8880,9.5000,10.6000,41047.2600,10.1130,0.3502
20110603.0000,5614.0000,10.6002,14.4990,10.5752,14.2900,72980.2400,13.0791,1.1054
20110604.0000,3985.0000,14.2700,18.8900,14.0400,18.8900,44475.3400,16.4062,1.2087
20110605.0000,3504.0000,18.9660,18.9980,16.2000,16.7000,24278.9700,17.3241,0.6463
20110606.0000,5240.0000,16.7000,19.2300,16.4513,18.5499,55092.4700,18.4585,0.5627
20110607.0000,4851.0000,18.2605,24.3200,18.2600,23.9234,53715.0300,19.8995,1.5203
20110608.0000,9101.0000,23.9999,31.9099,22.2135,29.6000,104925.1000,27.2463,2.4768
20110609.0000,6210.0000,29.9100,31.5000,26.1510,28.9190,62933.6600,29.5802,1.1116
20110610.0000,6925.0000,28.9191,29.3990,20.0100,23.9497,92208.2000,24.6701,2.0907
20110611.0000,9148.0000,23.9300,23.9900,13.0000,14.6511,121869.9000,17.6137,3.0102
20110612.0000,12531.0000,14.7500,24.9900,10.2500,18.5464,151194.1000,16.2118,3.7949
20110613.0000,9481.0000,18.5479,24.5000,16.0000,19.8400,73421.7900,20.1063,2.0501
20110614.0000,5230.0000,19.8000,20.5000,18.0010,19.2800,36155.9900,19.2500,0.6345
20110615.0000,4481.0000,19.2804,20.0000,19.0220,19.4900,27711.8900,19.6788,0.1952
20110616.0000,6661.0000,19.5000,19.8900,17.0000,17.0000,49202.1300,18.8558,0.6692
20110617.0000,12616.0000,17.0000,18.3400,13.0000,15.6810,108623.7000,15.5063,1.2409
20110618.0000,5509.0000,15.9635,16.9499,15.0520,16.8900,35536.5500,16.0384,0.5136
20110619.0000,4430.0000,16.8500,18.8766,16.8500,17.5100,30176.7300,17.7709,0.3775
20110626.0000,1992.0000,17.5100,17.5100,14.0100,16.4500,15053.9200,15.5854,0.9020
20110627.0000,5697.0000,16.4500,18.0000,15.0000,16.7500,31452.5400,17.0128,0.3441
20110628.0000,4296.0000,16.7500,17.5200,16.5000,16.9498,24398.1400,16.9288,0.2043
20110629.0000,4251.0000,16.9499,17.2000,16.6660,16.8450,21043.3600,16.8843,0.0797
20110630.0000,6269.0000,16.8460,17.0000,15.7300,16.1010,34961.1800,16.5082,0.3190
20110701.0000,4961.0000,16.1010,16.7400,15.2600,15.3970,33284.4500,15.8992,0.3146
20110702.0000,2977.0000,15.3705,15.8000,15.2710,15.4000,19453.2300,15.5313,0.1401
20110703.0000,2697.0000,15.3998,15.6890,15.3110,15.4405,16792.2800,15.4759,0.0659
20110704.0000,6865.0000,15.4407,15.4899,13.1400,13.8600,52276.9800,14.4789,0.6117
20110705.0000,11045.0000,13.8780,15.0000,11.0000,12.9069,84081.1500,12.8008,0.7589
20110706.0000,12493.0000,12.9070,16.5000,12.6713,14.7835,111818.3000,14.8036,0.8959
20110707.0000,8416.0000,14.7837,15.9000,14.5000,14.7761,54465.6900,15.1555,0.2914
20110708.0000,8047.0000,14.7761,15.6428,13.9015,14.3140,34853.4100,14.3499,0.2842
20110709.0000,4332.0000,14.3140,14.6999,14.0201,14.3800,11909.1600,14.3863,0.1244
20110710.0000,7398.0000,14.3750,15.6800,14.3500,14.9000,45284.4200,15.0803,0.3480
20110711.0000,8700.0000,14.9000,15.1999,13.8000,14.2091,49160.0100,14.3706,0.3404
20110712.0000,5200.0000,14.2091,14.6399,13.9000,14.0094,26356.5000,14.1516,0.1461
20110713.0000,2615.0000,14.0276,14.1500,13.9100,13.9510,10338.1400,14.0288,0.0368
20110714.0000,3309.0000,13.9700,14.0700,13.7000,13.9900,17661.1500,13.9279,0.0794
20110715.0000,3170.0000,14.0000,14.0900,13.5021,13.8100,24819.5400,13.8996,0.1292
20110716.0000,2781.0000,13.8100,13.8100,13.5010,13.7191,17264.4900,13.6200,0.0752
20110717.0000,5589.0000,13.7190,13.7500,13.0210,13.1600,34375.4700,13.3383,0.1784
20110718.0000,8107.0000,13.1600,13.9150,12.5100,13.4800,75896.3000,13.0297,0.3542
20110719.0000,9973.0000,13.4705,14.7000,13.4400,13.8502,67575.6100,14.0359,0.2827
20110720.0000,4138.0000,13.8602,14.0000,13.4000,13.6894,23177.8900,13.6912,0.1441
20110721.0000,3231.0000,13.7198,13.7800,13.4000,13.6100,25018.3700,13.6566,0.0740
20110722.0000,3181.0000,13.6100,13.8100,13.4500,13.6954,15165.6100,13.6522,0.0640
20110723.0000,4645.0000,13.7000,13.7649,13.5100,13.6800,22455.5900,13.6438,0.0370
20110724.0000,4431.0000,13.6904,14.1000,13.6000,13.9800,26623.2500,13.8616,0.1273
20110725.0000,6471.0000,13.9800,14.7230,13.7600,14.0478,31577.9500,14.1959,0.1719
20110726.0000,3310.0000,14.0298,14.0505,13.7680,13.8821,16793.8500,13.9090,0.0542
20110727.0000,2094.0000,13.8821,14.1300,13.8500,13.9394,11508.6600,13.9587,0.0596
20110728.0000,3488.0000,13.8910,13.9390,13.3120,13.4901,32738.2700,13.6137,0.1521
20110729.0000,5095.0000,13.4901,13.7000,13.3302,13.4983,7257.5070,13.5061,0.0489
20110730.0000,4291.0000,13.5015,13.6300,13.4500,13.5303,6104.3830,13.5297,0.0225
20110731.0000,5621.0000,13.5365,14.8999,12.8292,13.3500,45723.4300,13.5190,0.3087
20110801.0000,3479.0000,13.3503,13.5501,12.8500,13.0946,21748.0800,13.1677,0.1855
20110802.0000,6494.0000,13.0963,13.1000,11.5000,12.0500,57242.6800,12.3940,0.4051
20110803.0000,10081.0000,12.0500,12.1600,8.7000,9.2600,90287.3300,10.4514,1.0088
20110804.0000,5930.0000,9.2870,11.1500,9.2700,10.7500,50094.1000,10.5776,0.3791
20110805.0000,4606.0000,10.7106,10.9900,9.5000,9.7999,30765.6800,10.2668,0.4451
20110806.0000,8395.0000,9.7403,9.9500,5.7420,6.5500,102411.7000,7.8235,0.9194
20110807.0000,8701.0000,6.5317,9.4700,6.0100,7.9000,89830.9500,7.7234,0.7018
20110808.0000,4277.0000,7.9000,8.1600,7.0550,7.7999,34042.2200,7.7424,0.1711
20110809.0000,12059.0000,7.8000,12.1000,7.6710,9.9900,114472.7000,9.7152,1.1020
20110810.0000,4615.0000,9.9502,10.4000,9.5000,9.9800,24254.4500,10.0022,0.1651
20110811.0000,6890.0000,10.0882,10.4959,8.4510,9.4625,58114.5600,9.4740,0.4774
20110812.0000,5171.0000,9.4627,9.8000,8.9100,9.4605,41592.1200,9.3161,0.1931
20110813.0000,3992.0000,9.4702,10.2504,9.2800,10.1310,29759.7500,9.7966,0.2564
20110814.0000,6487.0000,10.1302,11.2400,9.6200,10.7957,44125.4900,10.6141,0.3729
20110815.0000,5230.0000,10.7921,11.8900,10.7215,11.1498,38155.5400,11.3012,0.2074
20110816.0000,3305.0000,11.1548,11.3200,10.8109,10.9641,15325.4300,11.0508,0.0983
20110817.0000,3255.0000,10.9234,11.1000,10.6610,10.9456,22898.6800,10.8786,0.1095
20110818.0000,1782.0000,10.9779,11.0500,10.8100,10.8300,8210.3770,10.9027,0.0660
20110819.0000,4823.0000,10.8300,11.8100,10.8300,11.6500,33721.0400,11.3961,0.2457
20110820.0000,2467.0000,11.6564,11.6900,11.4000,11.4530,9915.0020,11.4856,0.0483
20110821.0000,2782.0000,11.4530,11.5100,11.3100,11.3112,8720.3490,11.3781,0.0584
20110822.0000,5671.0000,11.3112,11.5010,10.5100,10.8950,36996.1400,11.0253,0.2235
20110823.0000,3669.0000,10.9090,11.3000,10.8090,10.9400,12779.5000,11.0348,0.1013
20110824.0000,3026.0000,10.9400,11.0830,10.8309,10.8506,7815.8330,10.9414,0.0498
20110825.0000,4901.0000,10.8506,10.8910,9.1000,9.6570,55485.3900,10.0068,0.4654
20110826.0000,9277.0000,9.6570,9.8890,7.6420,8.1794,83004.3600,8.6539,0.6187
20110827.0000,5312.0000,8.1794,9.1100,8.1208,8.5902,21998.7900,8.6267,0.2045
20110828.0000,4920.0000,8.5911,9.4811,8.4476,9.0701,24155.2800,8.9714,0.2525
20110829.0000,15976.0000,9.0702,9.2703,8.6500,8.9690,21651.2800,8.9330,0.0753
20110830.0000,4648.0000,8.9690,9.0000,8.5500,8.7913,11773.8200,8.7770,0.0888
20110831.0000,3643.0000,8.7900,8.7900,8.0100,8.1995,19648.2400,8.3515,0.2170
20110901.0000,2938.0000,8.1995,8.3599,8.1000,8.2100,11903.5200,8.2223,0.0502
20110902.0000,3195.0000,8.2500,8.7138,8.2300,8.6400,16814.5400,8.4436,0.1041
20110903.0000,2805.0000,8.6000,8.6900,8.3631,8.4800,6944.9860,8.5310,0.0615
20110904.0000,3573.0000,8.4632,8.4900,7.8500,8.1780,19673.4800,8.1743,0.1585
20110905.0000,6071.0000,8.1280,8.1914,7.2500,7.6110,30798.7500,7.6196,0.2276
20110906.0000,7488.0000,7.6110,7.6571,6.1220,6.8628,82496.0400,6.7311,0.2815
20110907.0000,6009.0000,6.8628,7.5992,6.5300,7.1864,49642.1000,7.0270,0.2082
20110908.0000,5528.0000,7.1979,7.1979,6.5123,6.5300,31886.3300,6.8019,0.1377
20110909.0000,13000.0000,6.5299,6.5769,4.1800,5.0300,217433.2000,5.3102,0.6192
20110910.0000,5441.0000,5.0190,5.4900,4.6300,4.7739,44484.5200,5.0256,0.1948
20110911.0000,13680.0000,4.7739,7.4000,4.6000,5.8643,143792.5000,6.0713,0.7025
20110912.0000,6443.0000,5.9400,6.5821,5.4121,6.0780,63864.0300,6.0400,0.2441
20110913.0000,3575.0000,6.0500,6.0850,5.7000,5.8000,23759.2700,5.8370,0.0895
20110914.0000,4213.0000,5.8199,5.8473,5.3249,5.6193,43768.2600,5.5565,0.1347
20110915.0000,7952.0000,5.6193,5.6193,4.4400,4.8400,86220.9200,4.9814,0.2647
20110916.0000,6075.0000,4.8400,4.9900,4.6100,4.8200,31651.0800,4.8153,0.0627
20110917.0000,4773.0000,4.8200,4.9300,4.7000,4.7700,20303.0700,4.8063,0.0422
20110918.0000,5045.0000,4.7604,5.6000,4.7213,5.2000,44623.9000,5.1423,0.2276
20110919.0000,9019.0000,5.2021,5.6440,4.9000,5.4600,49836.7900,5.2892,0.2002
20110920.0000,10429.0000,5.4620,6.7950,5.4511,6.1119,116750.9000,6.1107,0.2798
20110921.0000,11314.0000,6.1119,6.2866,5.0600,5.6114,68164.4700,5.6322,0.3096
20110922.0000,5830.0000,5.6433,5.8300,5.2900,5.4278,31651.0000,5.5372,0.1158
20110923.0000,5489.0000,5.4300,5.7065,5.4145,5.5451,55667.9800,5.6121,0.0622
20110924.0000,11063.0000,5.5451,5.6410,5.3201,5.4683,17944.2300,5.4529,0.0524
20110925.0000,2517.0000,5.4441,5.4900,5.3220,5.3300,9487.2630,5.4060,0.0362
20110926.0000,7381.0000,5.3300,5.4000,4.7210,4.8697,56072.3900,4.9577,0.1808
20110927.0000,5210.0000,4.8697,5.1302,4.7810,4.9156,24645.3600,4.9244,0.0689
20110928.0000,4256.0000,4.9156,4.9690,4.6250,4.7725,30625.2000,4.7709,0.0875
20110929.0000,3579.0000,4.7798,4.8000,4.6742,4.7793,14092.8800,4.7412,0.0255
20110930.0000,4801.0000,4.7567,5.3500,4.7430,5.1401,41459.0600,5.0179,0.1383
20111001.0000,4982.0000,5.1670,5.2492,4.8613,5.0324,23460.7400,5.0523,0.0767
20111002.0000,2895.0000,5.0324,5.1000,4.9100,5.0270,10457.3100,4.9848,0.0424
20111003.0000,2969.0000,5.0270,5.0399,4.8889,5.0240,17289.2500,4.9673,0.0319
20111004.0000,3422.0000,5.0240,5.0250,4.9193,4.9600,15793.4400,4.9627,0.0230
20111005.0000,2231.0000,4.9600,5.0250,4.8312,4.8700,17586.4600,4.8962,0.0368
20111006.0000,4310.0000,4.8700,4.9000,4.4989,4.7344,54773.4900,4.6870,0.0882
20111007.0000,6915.0000,4.7469,4.7958,3.7819,4.2728,97547.3500,4.2891,0.2457
20111008.0000,5217.0000,4.3028,4.3399,3.8250,4.0075,39611.9400,4.0305,0.1181
20111009.0000,4974.0000,4.0076,4.3890,4.0076,4.1029,37920.0600,4.1868,0.0861
20111010.0000,4901.0000,4.1000,4.2000,4.0104,4.1000,16858.2400,4.1041,0.0441
20111011.0000,5029.0000,4.0608,4.1000,3.8496,3.9308,41104.0700,3.9477,0.0658
20111012.0000,7635.0000,3.9298,4.4500,3.9010,4.1500,69399.5200,4.0705,0.0977
20111013.0000,3593.0000,4.1600,4.2000,4.0020,4.0461,19706.1600,4.0788,0.0464
20111014.0000,3377.0000,4.0564,4.1146,3.9481,3.9879,20054.5500,4.0123,0.0348
20111015.0000,3988.0000,3.9873,4.0500,3.7089,3.8421,42092.4100,3.8927,0.0771
20111016.0000,4527.0000,3.8421,3.8975,3.4000,3.5570,36200.8800,3.6384,0.1325
20111017.0000,18822.0000,3.5571,3.7400,2.2600,2.5600,207426.6000,2.8535,0.3694
20111018.0000,8634.0000,2.5413,2.9000,2.3100,2.4190,87859.0900,2.6159,0.1356
20111019.0000,8690.0000,2.4190,2.5360,2.0401,2.2700,101864.8000,2.2807,0.1198
20111020.0000,7807.0000,2.2503,2.3908,2.2200,2.3480,48859.4700,2.3137,0.0389
20111021.0000,7633.0000,2.3500,2.7200,2.3270,2.5700,72971.1000,2.5392,0.0760
20111022.0000,7420.0000,2.5756,3.3000,2.5515,3.1588,120163.9000,3.0052,0.2018
20111023.0000,4756.0000,3.1200,3.2000,2.9500,3.1700,37044.2900,3.0812,0.0644
20111024.0000,7358.0000,3.1270,3.1948,2.4810,2.5450,92232.4200,2.8063,0.1986
20111025.0000,12373.0000,2.5230,3.0400,2.4403,2.7700,101412.1000,2.7429,0.1201
20111026.0000,6428.0000,2.7700,2.8485,2.6502,2.7730,29400.7300,2.7509,0.0452
20111027.0000,6430.0000,2.7730,3.0900,2.7311,3.0400,58696.0900,2.9186,0.0829
20111028.0000,6381.0000,3.0400,3.2550,2.9050,3.1900,52365.1900,3.1089,0.0788
20111029.0000,8236.0000,3.1843,3.8272,3.1400,3.5811,79542.8900,3.5447,0.1552
20111030.0000,5120.0000,3.5810,3.6503,3.2000,3.2700,50686.7200,3.3821,0.1472
20111031.0000,4906.0000,3.2750,3.3159,3.0660,3.2480,30980.5200,3.1864,0.0541
20111101.0000,5146.0000,3.2562,3.3500,3.0700,3.1500,37893.4700,3.1860,0.0665
20111102.0000,4689.0000,3.1501,3.4400,3.1410,3.2543,32311.0500,3.2349,0.0392
20111103.0000,2376.0000,3.2524,3.2800,3.1000,3.1520,24520.6500,3.2119,0.0318
20111104.0000,4486.0000,3.1696,3.2100,3.0111,3.1090,39513.1200,3.1274,0.0460
20111105.0000,4000.0000,3.1090,3.1500,2.8500,2.9700,52964.4700,3.0128,0.0727
20111106.0000,1695.0000,2.9700,2.9999,2.9200,2.9596,17232.2600,2.9617,0.0184
20111107.0000,2843.0000,2.9591,3.0325,2.9500,3.0068,23992.2200,2.9994,0.0227
20111108.0000,4673.0000,3.0068,3.2100,3.0058,3.0350,60336.6700,3.0900,0.0423
20111109.0000,5070.0000,3.0710,3.1100,2.8866,2.9500,52195.1000,3.0013,0.0627
20111110.0000,3512.0000,2.9500,2.9690,2.8001,2.8399,33928.7600,2.8706,0.0394
20111111.0000,4560.0000,2.8401,3.1100,2.8230,3.0800,44853.1700,2.9722,0.0746
20111112.0000,2171.0000,3.0800,3.1100,3.0100,3.0310,20383.2500,3.0577,0.0227
20111113.0000,1837.0000,3.0310,3.0500,2.9510,2.9969,9624.9960,3.0014,0.0244
20111114.0000,17794.0000,2.9957,2.9957,2.1000,2.2200,382186.8000,2.5058,0.1833
20111115.0000,8229.0000,2.2199,2.4900,2.1100,2.3290,76420.8800,2.2968,0.0640
20111116.0000,5001.0000,2.3300,2.6003,2.3010,2.5604,44208.8400,2.4578,0.0686
20111117.0000,9393.0000,2.5600,2.5885,1.9940,2.2500,117276.7000,2.2258,0.1207
20111118.0000,6639.0000,2.2594,2.3900,2.0000,2.0500,98135.5800,2.1412,0.0829
20111119.0000,7253.0000,2.0507,2.2600,2.0000,2.1959,78301.1500,2.1686,0.0622
20111120.0000,7998.0000,2.1994,2.4990,2.1500,2.2000,79731.0400,2.2829,0.0666
20111121.0000,4726.0000,2.2000,2.3112,2.1700,2.2940,41727.0800,2.2335,0.0314
20111122.0000,3643.0000,2.2880,2.3500,2.2500,2.3289,34208.3700,2.3075,0.0225
20111123.0000,4336.0000,2.3289,2.3800,2.2700,2.3321,39998.1900,2.3240,0.0261
20111124.0000,8250.0000,2.3321,2.5600,2.3053,2.4321,87264.6000,2.4243,0.0693
20111125.0000,5063.0000,2.4390,2.5278,2.3740,2.5061,44404.6900,2.4680,0.0336
20111126.0000,5194.0000,2.4661,2.5312,2.4104,2.4700,36118.5200,2.4813,0.0293
20111127.0000,4241.0000,2.4701,2.4900,2.4233,2.4799,22727.0600,2.4567,0.0174
20111128.0000,3707.0000,2.4799,2.5500,2.4400,2.5500,41261.7400,2.5062,0.0259
20111129.0000,10711.0000,2.5500,2.9810,2.5403,2.7502,180531.0000,2.7913,0.0876
20111130.0000,7788.0000,2.7501,3.0900,2.7323,2.9701,120145.3000,2.9120,0.0845
20111201.0000,6679.0000,2.9900,3.1400,2.9289,3.0600,63864.0800,3.0536,0.0401
20111202.0000,4240.0000,3.0580,3.1380,3.0350,3.1151,57494.9000,3.0962,0.0209
20111203.0000,5285.0000,3.1123,3.1250,2.7500,2.7940,123022.0000,2.9343,0.0991
20111204.0000,8870.0000,2.7920,2.9000,2.6100,2.8281,95222.4600,2.7488,0.0619
20111205.0000,3208.0000,2.8281,2.9300,2.7807,2.8798,30884.9800,2.8712,0.0354
20111206.0000,4714.0000,2.8800,3.0500,2.8701,3.0300,55599.9800,2.9769,0.0489
20111207.0000,4555.0000,3.0270,3.0820,2.9324,2.9900,58122.1800,2.9972,0.0320
20111208.0000,3807.0000,2.9900,3.0063,2.8842,2.9800,39933.6800,2.9505,0.0308
20111209.0000,3227.0000,2.9800,3.0390,2.9347,2.9700,34385.4300,2.9900,0.0238
20111210.0000,5047.0000,2.9700,3.1332,2.9347,3.0500,74305.7200,3.0367,0.0437
20111211.0000,8722.0000,3.0600,3.3800,2.9900,3.2511,108223.2000,3.2013,0.0893
20111212.0000,4139.0000,3.2500,3.2901,3.0841,3.1350,39899.9900,3.1815,0.0529
20111213.0000,2644.0000,3.1732,3.2500,3.1410,3.2499,32658.5400,3.2130,0.0226
20111214.0000,6265.0000,3.2290,3.2481,2.9940,3.1500,72477.6800,3.1179,0.0506
20111215.0000,2269.0000,3.1392,3.2144,3.1100,3.2000,30094.2200,3.1706,0.0215
20111216.0000,3099.0000,3.1959,3.2200,3.1500,3.2000,29868.6300,3.1844,0.0202
20111217.0000,1420.0000,3.2000,3.2299,3.1553,3.2001,16479.9500,3.1909,0.0167
20111218.0000,928.0000,3.1819,3.2189,3.1751,3.1930,10793.7200,3.2002,0.0100
20111219.0000,16126.0000,3.1930,3.7004,3.1893,3.5202,139986.9000,3.4072,0.1187
20111220.0000,20824.0000,3.5202,4.5000,3.4830,3.9500,186409.9000,3.9656,0.1905
20111221.0000,6536.0000,3.9200,4.0400,3.8100,3.8900,48793.6900,3.9280,0.0463
20111222.0000,4204.0000,3.8753,3.9920,3.5090,3.8901,57206.3100,3.7856,0.1087
20111223.0000,3278.0000,3.8901,3.9500,3.8150,3.9468,20496.5400,3.9046,0.0259
20111224.0000,4878.0000,3.9468,3.9690,3.8550,3.9400,14933.5900,3.9219,0.0150
20111225.0000,5799.0000,3.9400,4.3897,3.7807,4.2250,80800.4300,4.1400,0.1605
20111226.0000,6651.0000,4.2250,4.3126,3.8100,4.0180,88825.7400,4.0364,0.0982
20111227.0000,3063.0000,4.0180,4.0998,3.9620,4.0700,30159.4500,4.0286,0.0319
20111228.0000,3718.0000,4.0700,4.2500,3.9900,4.1855,33837.2200,4.1383,0.0559
20111229.0000,4650.0000,4.2000,4.3300,4.1160,4.1660,53069.2800,4.2154,0.0492
20111230.0000,3464.0000,4.1660,4.3000,4.0633,4.2480,41068.5900,4.1910,0.0477
20111231.0000,11058.0000,4.2481,4.9950,4.2000,4.7220,129730.7000,4.5960,0.2043
20120101.0000,8002.0000,4.7078,5.4999,4.6150,5.2677,108509.2000,5.0968,0.2580
20120102.0000,6257.0000,5.2635,5.4700,4.8000,5.2168,69150.9300,5.2112,0.1303
20120103.0000,10762.0000,5.2159,5.2900,4.6500,4.8808,125170.2000,4.9466,0.1531
20120104.0000,13553.0000,4.8808,5.7000,4.7510,5.5738,131170.8000,5.2505,0.2720
20120105.0000,16138.0000,5.5740,7.2200,5.5740,6.9476,182328.1000,6.2010,0.3052
20120106.0000,20447.0000,6.9476,7.2100,6.1261,6.6969,218077.4000,6.7927,0.2796
20120107.0000,8513.0000,6.6968,7.0156,6.3800,6.8100,48387.5800,6.7177,0.1390
20120108.0000,6916.0000,6.7866,7.2000,6.7336,7.1136,57193.5200,7.0489,0.1141
20120109.0000,18338.0000,7.0836,7.1910,5.8100,6.3257,148406.8000,6.4727,0.3060
20120110.0000,15947.0000,6.3269,6.8900,6.0010,6.3600,110210.2000,6.3974,0.1265
20120111.0000,15733.0000,6.4490,7.1380,6.4127,6.9000,99442.0600,6.8144,0.1369
20120112.0000,13111.0000,6.9000,6.9970,6.3370,6.8000,140116.5000,6.7384,0.1534
20120113.0000,6642.0000,6.7821,6.8040,6.4000,6.4100,60228.7700,6.6133,0.0831
20120114.0000,13033.0000,6.4200,6.9504,6.2201,6.7500,141896.3000,6.5907,0.1775
20120115.0000,6361.0000,6.7499,7.0800,6.7412,7.0018,62233.3200,6.9047,0.0794
20120116.0000,12049.0000,7.0018,7.1889,6.5110,6.6825,122666.5000,6.8267,0.1922
20120117.0000,17900.0000,6.6748,6.9500,4.6400,5.6000,213409.8000,6.0379,0.5459
20120118.0000,20006.0000,5.5503,6.9500,5.1000,5.9200,226680.9000,5.9765,0.3071
20120119.0000,8396.0000,5.9200,6.3608,5.8728,6.3598,114820.4000,6.1810,0.0876
20120120.0000,5586.0000,6.3520,6.5800,6.2580,6.4898,66786.4700,6.4355,0.0756
20120121.0000,7188.0000,6.4979,6.5480,6.1000,6.1800,64761.6900,6.2864,0.1208
20120122.0000,5306.0000,6.1841,6.4549,6.1000,6.3097,44890.6500,6.2871,0.0906
20120123.0000,2471.0000,6.3096,6.3890,6.2120,6.3560,17693.0400,6.3093,0.0420
20120124.0000,3590.0000,6.3560,6.3940,6.2190,6.2898,35663.0700,6.2997,0.0413
20120125.0000,9153.0000,6.2896,6.3220,5.5020,5.7500,133115.2000,5.8750,0.2101
20120126.0000,10188.0000,5.8000,5.9200,5.3000,5.3400,123954.1000,5.5878,0.1365
20120127.0000,8834.0000,5.3500,5.5100,5.0500,5.2920,115567.8000,5.2920,0.0912
20120128.0000,7275.0000,5.2920,5.7600,5.2600,5.6267,89708.0200,5.5723,0.1259
20120129.0000,5633.0000,5.6257,5.7000,5.3277,5.3809,46430.4500,5.4804,0.0864
20120130.0000,4164.0000,5.3800,5.6000,5.3669,5.4905,42303.1300,5.5121,0.0515
20120131.0000,4318.0000,5.4910,5.6500,5.4260,5.4838,48296.6500,5.5304,0.0523
20120201.0000,7344.0000,5.5342,6.2000,5.4678,6.0756,115523.9000,5.8224,0.2264
20120202.0000,6180.0000,6.0687,6.1990,5.8230,6.1000,54546.2600,6.0264,0.0846
20120203.0000,7514.0000,6.1000,6.1401,5.7187,5.9593,59279.8500,5.9180,0.0599
20120204.0000,3587.0000,5.9600,5.9870,5.8400,5.8734,20619.6000,5.9202,0.0321
20120205.0000,7797.0000,5.8735,5.8848,5.4500,5.6888,120336.0000,5.6759,0.0955
20120206.0000,6365.0000,5.6590,5.7200,5.4500,5.4535,90258.8300,5.5473,0.0695
20120207.0000,4720.0000,5.4830,5.7800,5.4500,5.6900,72748.3500,5.6201,0.0896
20120208.0000,10305.0000,5.6900,5.8494,5.3000,5.6000,237943.1000,5.6400,0.1254
20120209.0000,6754.0000,5.6000,5.9150,5.5000,5.8300,89946.1200,5.7469,0.0895
20120210.0000,3266.0000,5.8300,5.9850,5.8012,5.9126,39304.9100,5.8763,0.0426
20120211.0000,5093.0000,5.9066,6.0000,5.5410,5.6005,69711.2900,5.7048,0.1244
20120212.0000,12162.0000,5.6300,5.8500,5.4300,5.5147,81917.1600,5.6033,0.0845
20120213.0000,12469.0000,5.5147,5.7200,5.2000,5.2600,170210.5000,5.3434,0.0997
20120214.0000,22935.0000,5.2600,5.4513,4.2121,4.4629,297572.0000,4.7029,0.2635
20120215.0000,13261.0000,4.4630,4.8800,4.2001,4.3251,161800.5000,4.5837,0.1499
20120216.0000,14870.0000,4.3052,4.4440,3.8780,4.2739,166594.5000,4.1887,0.0973
20120217.0000,10911.0000,4.2419,4.7700,4.2281,4.4100,135949.4000,4.4593,0.1168
20120218.0000,7556.0000,4.3918,4.4967,4.1200,4.2220,70406.1600,4.2738,0.1021
20120219.0000,6845.0000,4.2220,4.5200,4.1810,4.3867,62365.4100,4.3502,0.0881
20120220.0000,6787.0000,4.3610,4.4700,4.2902,4.3615,37299.1300,4.3685,0.0367
20120221.0000,7117.0000,4.3790,4.3975,4.2120,4.2720,51784.8300,4.3057,0.0390
20120222.0000,11774.0000,4.2720,4.5400,4.2710,4.4247,103836.7000,4.4365,0.0558
20120223.0000,16832.0000,4.4550,5.1978,4.4200,5.0150,164308.4000,4.8236,0.1835
20120224.0000,12326.0000,5.0150,5.1000,4.8250,5.0288,89828.0400,4.9750,0.0577
20120225.0000,11155.0000,5.0288,5.0700,4.6500,4.7730,86163.5900,4.8769,0.1169
20120226.0000,15620.0000,4.7730,5.1000,4.7730,4.9220,70034.6000,4.9560,0.0910
20120227.0000,9667.0000,4.9220,4.9900,4.8900,4.9560,29371.6300,4.9466,0.0200
20120228.0000,7406.0000,4.9500,5.0000,4.7350,4.8680,62691.0700,4.8663,0.0676
20120229.0000,3229.0000,4.8680,4.9000,4.8000,4.8600,26539.2400,4.8641,0.0210
20120301.0000,3610.0000,4.8600,4.9889,4.8600,4.9213,44183.6300,4.9374,0.0322
20120302.0000,17412.0000,4.9213,4.9500,4.5100,4.7050,130764.7000,4.6899,0.0950
20120303.0000,7656.0000,4.7050,4.7800,4.5100,4.6144,40075.0500,4.6824,0.0483
20120304.0000,6198.0000,4.6144,4.9500,4.6120,4.8200,58826.1600,4.8132,0.1058
20120305.0000,10144.0000,4.8200,5.0500,4.8200,4.9843,65828.1700,4.9451,0.0488
20120306.0000,6352.0000,4.9888,5.0700,4.9000,4.9901,44532.2600,4.9757,0.0367
20120307.0000,9769.0000,4.9901,5.0500,4.8400,4.9375,46167.5600,4.9309,0.0461
20120308.0000,8803.0000,4.9375,5.0000,4.7551,4.9302,58089.4000,4.8734,0.0582
20120309.0000,6569.0000,4.9304,4.9490,4.8210,4.8611,32723.0300,4.8965,0.0255
20120310.0000,7110.0000,4.8611,4.9131,4.7530,4.8331,28070.7300,4.8245,0.0310
20120311.0000,6963.0000,4.8332,4.9900,4.8111,4.9100,42442.9300,4.9143,0.0523
20120312.0000,2500.0000,4.9089,4.9500,4.8561,4.8900,22048.1500,4.9074,0.0254
20120313.0000,8372.0000,4.8901,5.4100,4.8651,5.2700,127325.0000,5.1575,0.1684
20120314.0000,4567.0000,5.2718,5.4500,5.2517,5.3800,62889.7200,5.3701,0.0469
20120315.0000,3483.0000,5.3930,5.4450,5.2550,5.3266,41077.6100,5.3329,0.0417
20120316.0000,3866.0000,5.3479,5.4000,5.3000,5.3439,32718.7800,5.3481,0.0241
20120317.0000,4071.0000,5.3439,5.3998,5.2121,5.2159,39100.2300,5.3175,0.0418
20120318.0000,2367.0000,5.2160,5.3400,5.2110,5.2794,22857.0100,5.2636,0.0267
20120319.0000,11997.0000,5.2553,5.3099,4.5000,4.6939,188889.0000,4.8850,0.1930
20120320.0000,6274.0000,4.6722,4.9000,4.5878,4.8379,66343.8500,4.7942,0.0593
20120321.0000,3710.0000,4.8369,4.8700,4.7500,4.8149,46436.8800,4.8153,0.0262
20120322.0000,4914.0000,4.7944,4.8800,4.5977,4.7043,58069.9100,4.7568,0.0735
20120323.0000,4372.0000,4.7359,4.7900,4.6000,4.6860,54129.9300,4.6985,0.0375
20120324.0000,3057.0000,4.6861,4.7290,4.5960,4.6760,39068.5900,4.6518,0.0324
20120325.0000,5093.0000,4.6760,4.6829,4.3000,4.5500,71556.2500,4.5004,0.0863
20120326.0000,5304.0000,4.5500,4.7379,4.5159,4.6191,69838.0700,4.6521,0.0479
20120327.0000,5269.0000,4.6250,4.8459,4.4900,4.8113,73431.7500,4.6699,0.0809
20120328.0000,2850.0000,4.8240,4.8365,4.7210,4.7880,38017.1100,4.7886,0.0235
20120329.0000,3146.0000,4.7610,4.8609,4.7100,4.8084,37974.7600,4.7654,0.0273
20120330.0000,8542.0000,4.8084,4.8800,4.7170,4.8600,39071.8400,4.7988,0.0445
20120331.0000,3064.0000,4.8480,4.9500,4.8201,4.9087,35529.0900,4.8881,0.0272
20120401.0000,3324.0000,4.8800,4.9200,4.7300,4.8270,35950.6000,4.7948,0.0503
20120402.0000,5380.0000,4.7821,5.0800,4.7600,4.9740,80663.9800,4.9400,0.0690
20120403.0000,5399.0000,4.9740,4.9950,4.8100,4.9520,78481.2000,4.9019,0.0405
20120404.0000,2994.0000,4.9496,4.9700,4.8900,4.9101,51040.8200,4.9330,0.0177
20120405.0000,3000.0000,4.9247,4.9349,4.8700,4.9190,33807.1800,4.9067,0.0149
20120406.0000,3663.0000,4.9189,4.9800,4.8800,4.9499,58211.4400,4.9429,0.0208
20120407.0000,6005.0000,4.9499,4.9500,4.6871,4.6871,80945.7400,4.8030,0.0657
20120408.0000,4115.0000,4.6872,4.8000,4.6200,4.7925,41972.7700,4.7154,0.0508
20120409.0000,8197.0000,4.7899,4.8790,4.7316,4.8719,39243.6900,4.7832,0.0249
20120410.0000,10592.0000,4.8718,4.9000,4.7639,4.8367,53101.7700,4.8336,0.0295
20120411.0000,5175.0000,4.8364,4.9800,4.7911,4.9279,67035.8200,4.8903,0.0413
20120412.0000,4017.0000,4.9277,4.9460,4.8427,4.9197,46368.6700,4.8928,0.0245
20120413.0000,5717.0000,4.8910,4.9446,4.7300,4.9400,93111.8500,4.8585,0.0465
20120414.0000,3662.0000,4.9399,5.0300,4.9000,4.9597,63887.7100,4.9774,0.0235
20120415.0000,2848.0000,4.9597,4.9800,4.8600,4.9689,33343.9400,4.9161,0.0269
20120416.0000,2560.0000,4.9690,4.9790,4.9099,4.9320,31159.5100,4.9499,0.0162
20120417.0000,2753.0000,4.9591,5.0221,4.9250,4.9759,30645.7100,4.9594,0.0140
20120418.0000,7461.0000,4.9759,5.1782,4.9600,5.1178,79130.2000,5.0759,0.0480
20120419.0000,3406.0000,5.1176,5.1900,5.1000,5.1377,46675.1500,5.1486,0.0219
20120420.0000,6576.0000,5.1376,5.4800,5.1010,5.3500,104068.9000,5.2298,0.1051
20120421.0000,5817.0000,5.3977,5.4790,5.1100,5.2601,60922.2500,5.2710,0.0783
20120422.0000,4029.0000,5.2600,5.3250,5.1010,5.2035,37109.3900,5.1792,0.0414
20120423.0000,3459.0000,5.2041,5.2180,4.9600,4.9600,49367.9300,5.1243,0.0604
20120424.0000,3889.0000,4.9600,5.2000,4.9520,5.0982,70989.7000,5.0729,0.0488
20120425.0000,2088.0000,5.1000,5.1800,5.0358,5.1318,35642.7200,5.1269,0.0316
20120426.0000,9933.0000,5.1318,5.1749,4.9900,5.0976,57360.7600,5.0790,0.0290
20120427.0000,14109.0000,5.0976,5.1240,5.0321,5.1095,25868.3900,5.0819,0.0177
20120428.0000,7448.0000,5.1000,5.1095,4.8463,4.9794,91591.4600,4.9561,0.0669
20120429.0000,1865.0000,4.9789,5.0184,4.8800,4.9044,22226.5900,4.9363,0.0359
20120430.0000,3084.0000,4.9138,5.0000,4.8700,4.9491,55767.5700,4.9445,0.0359
20120501.0000,2677.0000,4.9491,5.0000,4.9160,5.0000,36680.8500,4.9614,0.0199
20120502.0000,6446.0000,5.0000,5.1789,4.9700,5.0737,95963.3000,5.0846,0.0477
20120503.0000,2449.0000,5.0736,5.1840,5.0200,5.1344,35421.0600,5.0938,0.0319
20120504.0000,2450.0000,5.1093,5.1500,5.0670,5.0670,43629.4900,5.1160,0.0218
20120505.0000,1817.0000,5.0671,5.1198,5.0293,5.0770,18841.2800,5.0704,0.0193
20120506.0000,1452.0000,5.0774,5.0990,5.0138,5.0499,19299.9100,5.0505,0.0235
20120507.0000,2435.0000,5.0500,5.0957,4.9711,5.0600,46182.8300,5.0404,0.0333
20120508.0000,2870.0000,5.0874,5.1000,4.9600,5.0500,68203.8100,5.0261,0.0355
20120509.0000,2328.0000,5.0499,5.0961,5.0000,5.0437,38921.3000,5.0523,0.0209
20120510.0000,3762.0000,5.0597,5.1250,4.8028,4.8500,69983.5000,4.9604,0.0691
20120511.0000,4193.0000,4.8500,5.0000,4.8010,4.9600,63129.7800,4.9280,0.0402
20120512.0000,1631.0000,4.9500,4.9988,4.9150,4.9462,20875.3300,4.9524,0.0176
20120513.0000,1115.0000,4.9498,4.9989,4.9200,4.9300,14046.3000,4.9602,0.0202
20120514.0000,2370.0000,4.9509,5.0360,4.9000,5.0059,52846.5400,4.9898,0.0355
20120515.0000,2505.0000,5.0227,5.0400,4.9512,5.0350,44144.3800,5.0053,0.0226
20120516.0000,3994.0000,5.0382,5.1345,5.0000,5.0887,69369.5700,5.0716,0.0252
20120517.0000,1773.0000,5.0888,5.1000,5.0515,5.0998,26622.3200,5.0803,0.0153
20120518.0000,1999.0000,5.0998,5.1300,5.0615,5.1180,52580.5600,5.1024,0.0175
20120519.0000,1932.0000,5.1245,5.1429,5.0700,5.0995,23155.2900,5.1098,0.0177
20120520.0000,1711.0000,5.1182,5.1500,5.0855,5.0900,18690.6000,5.1172,0.0163
20120521.0000,1954.0000,5.1000,5.1300,5.0623,5.0998,33623.9500,5.0958,0.0157
20120522.0000,2485.0000,5.0997,5.1150,5.0495,5.0988,46681.9000,5.0826,0.0163
20120523.0000,2832.0000,5.0986,5.1650,5.0650,5.1397,52958.3400,5.1289,0.0184
20120524.0000,1875.0000,5.1396,5.1489,5.0701,5.1190,28916.4600,5.1192,0.0178
20120525.0000,1400.0000,5.1190,5.1500,5.1020,5.1455,23075.7300,5.1309,0.0125
20120526.0000,918.0000,5.1156,5.1450,5.1001,5.1032,16592.6500,5.1218,0.0108
20120527.0000,946.0000,5.1030,5.1480,5.1001,5.1390,15751.2000,5.1240,0.0136
20120528.0000,1221.0000,5.1300,5.1600,5.1100,5.1358,27560.8000,5.1344,0.0155
20120529.0000,4907.0000,5.1400,5.1589,5.0150,5.1500,61267.0500,5.1115,0.0362
20120530.0000,1501.0000,5.1500,5.1725,5.1000,5.1350,39944.1800,5.1444,0.0145
20120531.0000,1755.0000,5.1350,5.2000,5.1121,5.1801,39476.5100,5.1613,0.0215
20120601.0000,2300.0000,5.1996,5.2790,5.1811,5.2748,44689.1200,5.2380,0.0239
20120602.0000,1109.0000,5.2748,5.2749,5.2133,5.2490,15168.9700,5.2423,0.0155
20120603.0000,879.0000,5.2480,5.2543,5.2051,5.2051,12679.1200,5.2242,0.0135
20120604.0000,2101.0000,5.2200,5.2785,5.1800,5.2660,51239.5200,5.2310,0.0242
20120605.0000,4104.0000,5.2659,5.5000,5.2235,5.4400,83934.1400,5.3886,0.0620
20120606.0000,2154.0000,5.4461,5.4900,5.3895,5.4600,40678.1500,5.4421,0.0243
20120607.0000,2771.0000,5.4680,5.5936,5.4100,5.5910,48065.7900,5.5012,0.0432
20120608.0000,2684.0000,5.5909,5.6600,5.5599,5.6330,53841.1100,5.6189,0.0223
20120609.0000,1963.0000,5.6329,5.7000,5.4618,5.5600,37122.4800,5.5686,0.0469
20120610.0000,1768.0000,5.5600,5.5770,5.4267,5.4683,24397.2900,5.4938,0.0363
20120611.0000,4300.0000,5.4683,5.6000,5.4324,5.5747,40263.9700,5.5107,0.0387
20120612.0000,6072.0000,5.5950,5.7500,5.5000,5.7000,78982.5900,5.6046,0.0679
20120613.0000,3749.0000,5.7300,5.9600,5.6600,5.9290,57237.8600,5.8566,0.0688
20120614.0000,8299.0000,5.9288,5.9742,5.8080,5.9541,35039.3500,5.8953,0.0350
20120615.0000,9839.0000,5.9541,6.5870,5.8830,6.5000,65639.1500,6.1218,0.1826
20120616.0000,8133.0000,6.5000,6.5990,6.2610,6.4000,78196.0800,6.4609,0.0794
20120617.0000,5823.0000,6.4487,6.5300,6.1027,6.1638,48800.2600,6.3302,0.1014
20120618.0000,10774.0000,6.2000,6.3600,6.0300,6.3100,46832.2800,6.2659,0.0635
20120619.0000,8567.0000,6.3100,6.5329,6.2810,6.4988,43883.5200,6.4432,0.0583
20120620.0000,7152.0000,6.4988,6.7103,6.4500,6.6700,64069.2700,6.6065,0.0645
20120621.0000,7764.0000,6.6700,6.8000,6.5610,6.6801,51943.2400,6.6935,0.0417
20120622.0000,7200.0000,6.6801,6.7996,6.4277,6.5478,56823.0300,6.5849,0.0713
20120623.0000,4073.0000,6.5478,6.6506,6.4000,6.4285,20122.2100,6.4999,0.0521
20120624.0000,5750.0000,6.4285,6.4700,6.3500,6.3500,33945.2900,6.4088,0.0309
20120625.0000,7288.0000,6.3500,6.4455,6.2175,6.3048,62638.9000,6.3164,0.0458
20120626.0000,4842.0000,6.3297,6.4700,6.2889,6.4195,48736.6600,6.4004,0.0331
20120627.0000,2885.0000,6.4589,6.6500,6.4000,6.6470,41979.5800,6.5281,0.0737
20120628.0000,4111.0000,6.6469,6.6690,6.4900,6.6059,42818.4000,6.5929,0.0358
20120629.0000,3186.0000,6.6059,6.6792,6.5420,6.6500,26298.8000,6.6303,0.0262
20120630.0000,2625.0000,6.6500,6.6940,6.6020,6.6900,20591.6300,6.6598,0.0237
20120701.0000,2791.0000,6.6900,6.6940,6.5351,6.6290,20577.6000,6.6006,0.0412
20120702.0000,3374.0000,6.6001,6.7650,6.5778,6.7600,32364.1900,6.7051,0.0428
20120703.0000,5659.0000,6.7600,6.7600,6.4000,6.4499,71068.5100,6.5469,0.0884
20120704.0000,1775.0000,6.4499,6.5500,6.4499,6.5101,33478.7800,6.5057,0.0277
20120705.0000,3076.0000,6.5100,6.7700,6.4810,6.6700,45344.6900,6.6535,0.0690
20120706.0000,1990.0000,6.6700,6.7200,6.5500,6.6481,43191.3800,6.6444,0.0467
20120707.0000,4332.0000,6.7000,6.8700,6.6300,6.7621,37987.9400,6.7709,0.0583
20120708.0000,1432.0000,6.7621,6.8600,6.7235,6.7990,18219.9200,6.7923,0.0376
20120709.0000,3917.0000,6.7915,7.1000,6.7426,7.0215,61644.0900,6.8980,0.0852
20120710.0000,4694.0000,7.0215,7.2500,6.9600,7.1999,70065.8000,7.1029,0.0670
20120711.0000,2457.0000,7.1997,7.2570,7.0178,7.1500,41891.3600,7.1052,0.0593
20120712.0000,4306.0000,7.1700,7.9000,7.1000,7.7644,64616.6000,7.3021,0.2093
20120713.0000,5932.0000,7.6875,7.8164,7.4201,7.6651,65465.7400,7.6291,0.0738
20120714.0000,2045.0000,7.6001,7.6650,7.5156,7.5421,16007.0900,7.5989,0.0406
20120715.0000,3341.0000,7.5421,7.7000,7.4500,7.6210,26978.3000,7.5845,0.0595
20120716.0000,8733.0000,7.6228,8.6500,7.6178,8.4996,103400.1000,8.0807,0.2480
20120717.0000,18929.0000,8.5000,9.4900,7.3215,8.8000,210804.4000,8.3386,0.4175
20120718.0000,10477.0000,8.8000,9.3990,8.5000,9.1098,105945.8000,9.0160,0.2139
20120719.0000,5246.0000,9.1098,9.2335,8.8183,8.8700,48249.6500,9.0924,0.0798
20120720.0000,12290.0000,8.8700,8.8700,7.6000,8.5200,154661.1000,8.1955,0.2957
20120721.0000,9806.0000,8.5200,9.7000,7.9600,8.8455,139906.9000,8.8784,0.3494
20120722.0000,4069.0000,8.8584,8.9700,8.2712,8.4096,30070.6600,8.6168,0.1687
20120723.0000,11040.0000,8.4321,9.2000,7.7500,8.4457,146396.1000,8.4605,0.3248
20120724.0000,5906.0000,8.4456,8.8499,8.3400,8.6000,40946.8500,8.6333,0.0992
20120725.0000,5773.0000,8.5490,8.9000,8.3688,8.8000,64720.9500,8.5889,0.1243
20120726.0000,4249.0000,8.8000,8.9010,8.6000,8.9000,32379.6500,8.7707,0.0754
20120727.0000,3690.0000,8.9000,8.9500,8.8141,8.9000,26673.6000,8.8936,0.0339
20120728.0000,2905.0000,8.9000,8.9300,8.7100,8.8881,16164.5700,8.8576,0.0513
20120729.0000,2466.0000,8.8881,8.8881,8.7000,8.7103,11462.5800,8.7684,0.0474
20120730.0000,5598.0000,8.7103,9.1500,8.7000,9.0980,51254.4900,8.9528,0.1064
20120731.0000,4122.0000,9.0788,9.4400,9.0788,9.3500,70173.6300,9.2449,0.0905
20120801.0000,4467.0000,9.3500,9.6500,9.1110,9.5503,68695.6900,9.4260,0.0958
20120802.0000,8588.0000,9.5544,11.0000,9.4120,10.5300,126685.6000,10.1339,0.4283
20120803.0000,8210.0000,10.6247,11.1200,10.3000,10.9700,61643.2700,10.7325,0.2376
20120804.0000,5932.0000,10.9797,11.3000,10.5307,10.9840,52321.3100,10.9986,0.1612
20120805.0000,6993.0000,10.9840,11.2911,10.1099,10.8700,67280.2400,10.6252,0.2411
20120806.0000,7948.0000,10.8699,11.1900,10.6354,10.8552,51637.9100,10.8990,0.1061
20120807.0000,5517.0000,10.9100,11.1000,10.6510,11.1000,41653.5800,10.8509,0.0890
20120808.0000,4939.0000,11.1000,11.1500,10.8500,11.0553,31322.9100,11.0356,0.0629
20120809.0000,10071.0000,11.0987,12.0000,10.8000,11.0611,101880.3000,11.3251,0.2703
20120810.0000,6303.0000,11.0611,11.6000,11.0100,11.3864,63597.0100,11.4094,0.1505
20120811.0000,2043.0000,11.4699,11.5979,11.3875,11.5102,21791.0200,11.5011,0.0461
20120812.0000,3120.0000,11.5102,11.7650,11.4500,11.6240,30340.9500,11.6375,0.0826
20120813.0000,4532.0000,11.6239,12.0501,11.4919,12.0375,54035.6600,11.7896,0.1227
20120814.0000,6224.0000,12.0375,12.3400,11.8950,12.1900,44014.8500,12.0937,0.0985
20120815.0000,6322.0000,12.1900,13.2500,12.1614,13.2500,57562.7500,12.6094,0.2916
20120816.0000,11718.0000,13.2500,13.8412,12.5000,13.5000,96604.1100,13.2263,0.2144
20120817.0000,23068.0000,13.4400,15.4000,10.6000,11.5836,221033.9000,13.2585,1.2625
20120818.0000,15363.0000,11.8092,12.8959,11.0201,11.6100,88047.7700,11.8727,0.4288
20120819.0000,22364.0000,11.5793,11.6154,7.5800,8.0000,238860.3000,9.0865,1.0541
20120820.0000,22272.0000,8.0000,10.5000,7.8101,10.1000,192502.7000,9.5326,0.4877
20120821.0000,8894.0000,10.0610,10.3000,9.6988,9.9150,72082.6900,10.0265,0.1415
20120822.0000,9104.0000,9.9150,10.1000,9.5714,9.8068,67513.5500,9.8579,0.1123
20120823.0000,4469.0000,9.7200,10.2500,9.7050,10.1000,56015.6600,9.9974,0.1347
20120824.0000,4654.0000,10.1000,10.6188,9.8520,10.6000,92077.7500,10.2651,0.2357
20120825.0000,2408.0000,10.6000,10.6261,10.2000,10.5239,40232.4800,10.4490,0.1074
20120826.0000,1357.0000,10.6000,10.6191,10.4460,10.6100,26331.0200,10.5493,0.0473
20120827.0000,11403.0000,10.5900,12.1500,10.5444,10.9500,175117.5000,11.1792,0.4280
20120828.0000,5606.0000,10.9600,11.2100,10.5000,10.9400,54875.3500,10.9005,0.1629
20120829.0000,4969.0000,10.9300,11.1340,10.5500,10.9169,53647.7200,10.8427,0.1213
20120830.0000,2675.0000,10.8041,10.9320,10.6000,10.7770,30868.5000,10.7621,0.0785
20120831.0000,6958.0000,10.7770,10.8285,9.6600,10.1600,67791.3400,10.1850,0.3278
20120901.0000,3765.0000,10.1500,10.3000,9.7764,9.9654,23376.2400,10.0007,0.1165
20120902.0000,4886.0000,10.0000,10.3558,9.7192,10.2041,25055.7300,10.0549,0.1491
20120903.0000,2565.0000,10.2100,10.5934,10.0889,10.5300,22925.3100,10.3495,0.1300
20120904.0000,3895.0000,10.5300,10.5300,10.1500,10.3847,34878.4900,10.3045,0.0845
20120905.0000,4893.0000,10.3847,11.1700,10.2610,10.9997,60767.2300,10.7521,0.2566
20120906.0000,4304.0000,11.0000,11.2900,10.6400,11.1810,67054.0500,10.9358,0.1532
20120907.0000,2548.0000,11.1969,11.2100,10.9544,11.0000,35535.7100,11.1005,0.0659
20120908.0000,2480.0000,11.0979,11.1418,10.7650,11.0370,24253.6300,10.9770,0.1012
20120909.0000,1600.0000,11.0500,11.1429,10.9245,11.0200,14033.4100,11.0452,0.0510
20120910.0000,2374.0000,11.0200,11.1920,10.8745,11.1700,42288.4100,11.0448,0.0813
20120911.0000,3536.0000,11.1511,11.3500,10.8780,11.3308,64954.4400,11.1110,0.1031
20120912.0000,4170.0000,11.3308,11.3900,10.7800,11.3649,58628.0000,11.2063,0.1423
20120913.0000,2435.0000,11.2285,11.3990,11.2201,11.3990,20574.3100,11.3443,0.0461
20120914.0000,3068.0000,11.3990,11.7990,11.3210,11.6700,43259.7000,11.5759,0.1270
20120915.0000,1720.0000,11.7500,11.7890,11.6000,11.7500,16272.5100,11.7076,0.0434
20120916.0000,3340.0000,11.7500,11.9900,11.7220,11.8700,30297.2200,11.8768,0.0612
20120917.0000,6002.0000,11.8700,11.9625,11.7655,11.8900,26612.4700,11.8990,0.0414
20120918.0000,4516.0000,11.9325,12.3456,11.8402,12.2500,40949.2700,12.0644,0.1383
20120919.0000,4141.0000,12.2345,12.6867,12.1501,12.5725,41883.0000,12.4058,0.1271
20120920.0000,2691.0000,12.5720,12.6600,12.2500,12.2825,32567.3300,12.4808,0.0869
20120921.0000,3228.0000,12.3998,12.5000,12.0110,12.3680,35834.7800,12.2695,0.1198
20120922.0000,1928.0000,12.2732,12.4000,12.1400,12.2378,14986.5500,12.2234,0.0526
20120923.0000,3597.0000,12.2378,12.2700,11.6304,12.1933,39920.7200,12.0044,0.1619
20120924.0000,2837.0000,12.1510,12.2989,11.9511,12.1000,27291.8200,12.1240,0.0711
20120925.0000,2236.0000,12.1000,12.2291,12.0080,12.1970,21228.6000,12.1145,0.0531
20120926.0000,4094.0000,12.1960,12.4600,12.0200,12.2700,23495.1700,12.2330,0.1200
20120927.0000,2587.0000,12.3700,12.3950,12.2070,12.3089,19326.6800,12.3172,0.0512
20120928.0000,2404.0000,12.2700,12.4500,12.1200,12.3910,26674.7700,12.3501,0.0803
20120929.0000,2174.0000,12.4400,12.4900,12.2111,12.3631,17061.6500,12.3966,0.0554
20120930.0000,959.0000,12.3630,12.4489,12.3010,12.4000,7793.9130,12.3766,0.0436
20121001.0000,1874.0000,12.3500,12.4810,12.3210,12.4000,24826.6800,12.3906,0.0385
20121002.0000,3684.0000,12.4299,12.8800,12.3435,12.8400,50833.3500,12.6301,0.1335
20121003.0000,2700.0000,12.8400,12.9900,12.6800,12.8900,32955.0700,12.8355,0.0799
20121004.0000,3368.0000,12.8835,13.0899,12.6000,12.8500,37945.1400,12.8820,0.1103
20121005.0000,4650.0000,12.8001,12.9700,12.5100,12.6880,31258.4400,12.7462,0.0954
20121006.0000,2044.0000,12.7900,12.8600,12.3500,12.5050,24673.4000,12.5849,0.1296
20121007.0000,5848.0000,12.5050,12.6185,11.7000,11.8000,63512.0300,12.0105,0.1797
20121008.0000,9229.0000,11.8990,11.9520,10.6210,11.7781,97938.3900,11.2553,0.3038
20121009.0000,4609.0000,11.7381,12.3500,11.5711,11.8950,46768.7900,11.9673,0.1644
20121010.0000,2377.0000,11.8950,12.1900,11.7670,12.1200,27722.0700,12.0248,0.1019
20121011.0000,2191.0000,12.1300,12.1510,11.8579,12.0300,19831.6300,12.0254,0.0706
20121012.0000,2106.0000,12.1175,12.1500,11.9200,12.0000,21538.0300,12.0495,0.0597
20121013.0000,1506.0000,12.0000,12.1100,11.8500,11.8610,11861.6700,11.9604,0.0622
20121014.0000,2175.0000,11.8610,12.0300,11.4960,11.7389,22891.0900,11.8446,0.1535
20121015.0000,3918.0000,11.5762,11.9886,11.4300,11.8381,27101.7200,11.7200,0.1299
20121016.0000,3471.0000,11.8381,11.9900,11.5000,11.8499,41184.6600,11.7937,0.1286
20121017.0000,2157.0000,11.8246,11.9600,11.7000,11.8100,23553.3600,11.8783,0.0580
20121018.0000,2287.0000,11.8100,11.9599,11.7500,11.9398,21880.8300,11.8759,0.0491
20121019.0000,5131.0000,11.9349,11.9670,11.6190,11.7401,23177.4500,11.7632,0.0749
20121020.0000,4170.0000,11.7401,11.8500,11.5602,11.7399,22110.9200,11.7188,0.0677
20121021.0000,2176.0000,11.7399,11.7653,11.6100,11.6311,9375.5150,11.6772,0.0414
20121022.0000,4182.0000,11.6311,11.8100,11.4711,11.7101,37622.0200,11.6990,0.0637
20121023.0000,4145.0000,11.7101,12.0000,11.4100,11.6500,54344.4900,11.7271,0.1232
20121024.0000,2068.0000,11.6500,11.7900,11.5910,11.6500,21764.6500,11.6764,0.0486
20121025.0000,6113.0000,11.6500,11.6989,10.5200,10.8616,84704.8600,11.0288,0.3167
20121026.0000,6208.0000,10.8537,10.9500,9.7400,10.1706,98994.6900,10.3098,0.3418
20121027.0000,4466.0000,10.1707,10.8388,9.8221,10.2605,47869.8300,10.3770,0.2307
20121028.0000,2556.0000,10.2603,10.9500,10.2500,10.7000,22389.5900,10.5692,0.1767
20121029.0000,3553.0000,10.7000,10.9398,10.3209,10.6000,37574.8100,10.6500,0.1226
20121030.0000,2487.0000,10.5900,10.8900,10.5800,10.8875,26023.3100,10.7536,0.0726
20121031.0000,3504.0000,10.8810,11.2100,10.7054,11.2010,40673.4500,11.0234,0.1075
20121101.0000,4271.0000,11.1796,11.2790,10.4000,10.5700,50362.1000,10.9274,0.2321
20121102.0000,2788.0000,10.5700,10.8000,10.3300,10.4688,24485.2600,10.5761,0.1178
20121103.0000,1924.0000,10.4688,10.6500,10.4000,10.6425,16732.9300,10.5388,0.0671
20121104.0000,1690.0000,10.6425,10.9000,10.5100,10.8001,16750.3300,10.6721,0.1051
20121105.0000,2158.0000,10.8001,10.8800,10.6100,10.7480,21776.7300,10.7294,0.0532
20121106.0000,3002.0000,10.7480,10.9000,10.6667,10.8990,26995.3000,10.7988,0.0703
20121107.0000,3096.0000,10.8990,11.2160,10.8000,10.9200,31733.8500,10.9812,0.0800
20121108.0000,2678.0000,10.9201,11.0700,10.7500,10.9250,26058.8500,10.9197,0.0699
20121109.0000,1679.0000,10.9250,10.9850,10.7900,10.8150,14727.1100,10.8633,0.0455
20121110.0000,1475.0000,10.8150,10.9590,10.7500,10.8900,13490.4400,10.8484,0.0522
20121111.0000,1479.0000,10.8900,10.9390,10.7000,10.8687,12625.4700,10.8074,0.0637
20121112.0000,2690.0000,10.8400,11.1800,10.7667,11.0080,39217.1600,10.9921,0.0797
20121113.0000,2038.0000,11.0080,11.1290,10.9215,10.9512,16757.5000,11.0022,0.0511
20121114.0000,2209.0000,11.0000,11.0500,10.8201,10.9500,24543.0900,10.9455,0.0482
20121115.0000,3758.0000,10.9875,11.3000,10.8600,11.1977,31901.1700,11.0766,0.1008
20121116.0000,6980.0000,11.2019,11.8000,11.1721,11.7489,58253.1600,11.4916,0.1734
20121117.0000,2924.0000,11.7488,11.8000,11.5200,11.7889,19105.4500,11.6741,0.0760
20121118.0000,2017.0000,11.7888,11.8320,11.6160,11.6515,15514.1500,11.7130,0.0593
20121119.0000,3287.0000,11.6647,11.8400,11.6000,11.7999,25197.9100,11.7177,0.0669
20121120.0000,2853.0000,11.6928,11.7990,11.5730,11.7328,27220.1800,11.6932,0.0481
20121121.0000,2901.0000,11.7000,11.7840,11.6435,11.7700,19227.7900,11.7179,0.0384
20121122.0000,4847.0000,11.7498,12.4300,11.6700,12.4219,58301.3000,12.0680,0.1637
20121123.0000,2953.0000,12.3697,12.4100,12.1320,12.3450,18967.9000,12.3035,0.0588
20121124.0000,2561.0000,12.3855,12.4756,12.2500,12.4115,19570.3800,12.3686,0.0600
20121125.0000,2928.0000,12.4115,12.6000,12.3125,12.4821,24023.6800,12.4872,0.0705
20121126.0000,5455.0000,12.4821,12.6515,11.8900,12.2455,35913.8200,12.3560,0.1643
20121127.0000,5697.0000,12.2455,12.3390,11.9000,12.2000,33194.6900,12.1011,0.0924
20121128.0000,3478.0000,12.2000,12.4071,12.1000,12.3477,30688.2100,12.2816,0.0550
20121129.0000,4058.0000,12.3477,12.5990,12.1500,12.4500,26505.3400,12.4334,0.0968
20121130.0000,3412.0000,12.5390,12.6500,12.4242,12.5650,24350.3100,12.5589,0.0537
20121201.0000,2904.0000,12.5650,12.6878,12.4625,12.5620,14696.4100,12.5786,0.0602
20121202.0000,3666.0000,12.5722,12.6800,12.4340,12.5000,14011.9300,12.5617,0.0579
20121203.0000,5683.0000,12.5020,12.6790,12.4755,12.6790,26759.6000,12.5672,0.0570
20121204.0000,5707.0000,12.6500,13.5000,12.6200,13.4100,63245.7100,13.0260,0.2680
20121205.0000,2966.0000,13.4000,13.4202,13.1500,13.3800,29794.9200,13.2813,0.0708
20121206.0000,3884.0000,13.3000,13.6888,12.9000,13.2990,46562.5400,13.3828,0.1854
20121207.0000,3305.0000,13.2990,13.5490,12.9750,13.4999,32799.5700,13.3455,0.1625
20121208.0000,2649.0000,13.4998,13.5500,13.3545,13.4201,13171.5100,13.4638,0.0476
20121209.0000,5465.0000,13.4201,13.5300,13.0210,13.3880,28166.6200,13.2304,0.1445
20121210.0000,5057.0000,13.3880,13.5500,13.2691,13.4334,24664.9000,13.4245,0.0805
20121211.0000,5174.0000,13.5000,13.6700,13.3000,13.5570,28045.8800,13.5019,0.0832
20121212.0000,6724.0000,13.6700,13.7999,13.3000,13.6989,37679.2200,13.5995,0.0911
20121213.0000,4386.0000,13.6990,13.8000,13.4678,13.7001,24197.6800,13.6989,0.0890
20121214.0000,7528.0000,13.7064,13.9012,13.0000,13.6000,70143.9800,13.5585,0.2221
20121215.0000,3498.0000,13.6000,13.6400,13.4422,13.4901,15187.6500,13.5420,0.0492
20121216.0000,3842.0000,13.4901,13.6655,13.1311,13.3000,42760.5500,13.3510,0.1302
20121217.0000,7493.0000,13.3000,13.4850,12.7492,13.2500,63631.2500,13.1868,0.1622
20121218.0000,5149.0000,13.2500,13.3981,13.1100,13.2990,23220.5000,13.2351,0.0650
20121219.0000,3893.0000,13.2990,13.6010,13.2000,13.5990,38807.0900,13.4038,0.1036
20121220.0000,3411.0000,13.5950,13.7200,13.3259,13.5246,32980.3600,13.5342,0.0832
20121221.0000,2662.0000,13.5800,13.6000,13.4200,13.5000,25330.4500,13.5236,0.0440
20121222.0000,1711.0000,13.5000,13.5900,13.3213,13.3714,14783.4000,13.4248,0.0701
20121223.0000,2511.0000,13.4722,13.4722,13.0100,13.3120,23978.2100,13.2189,0.0842
20121224.0000,2198.0000,13.3718,13.4500,13.2105,13.3800,16692.1500,13.3785,0.0611
20121225.0000,1262.0000,13.4198,13.4300,13.1400,13.3500,13165.6800,13.3123,0.0695
20121226.0000,1791.0000,13.3500,13.4700,13.2000,13.4679,15840.1300,13.3426,0.0713
20121227.0000,2214.0000,13.4633,13.4700,13.2500,13.4217,19822.0500,13.3847,0.0547
20121228.0000,2591.0000,13.4400,13.6499,13.3420,13.4212,23813.0000,13.4474,0.0446
20121229.0000,2609.0000,13.4999,13.6700,13.2700,13.4000,26149.1300,13.4889,0.0954
20121230.0000,1355.0000,13.4120,13.5900,13.3500,13.4500,11764.1900,13.4541,0.0599
20121231.0000,1990.0000,13.3911,13.5610,13.3663,13.5100,15049.7800,13.4752,0.0425
20130101.0000,2339.0000,13.5100,13.5600,13.1612,13.3041,28406.2100,13.3379,0.1008
20130102.0000,2207.0000,13.3557,13.4000,13.1638,13.2800,17966.8000,13.3110,0.0495
20130103.0000,2586.0000,13.2831,13.4640,13.2490,13.3979,18032.2500,13.3564,0.0435
20130104.0000,3247.0000,13.4265,13.5200,13.2731,13.5000,29641.9100,13.4230,0.0626
20130105.0000,2738.0000,13.5000,13.5480,13.3140,13.4400,21329.9200,13.4521,0.0531
20130106.0000,2890.0000,13.4488,13.5210,13.3560,13.4540,12741.1300,13.4601,0.0497
20130107.0000,3224.0000,13.5139,13.5900,13.4040,13.5876,25477.7200,13.5053,0.0460
20130108.0000,5684.0000,13.5538,13.8800,13.5000,13.7427,42798.3700,13.7207,0.0781
20130109.0000,3850.0000,13.7990,13.8622,13.6200,13.7700,28606.3700,13.7449,0.0678
20130110.0000,4971.0000,13.7700,14.3200,13.7700,14.1400,51811.0300,14.0470,0.1424
20130111.0000,3755.0000,14.1300,14.3500,13.9100,14.1370,40434.5400,14.1136,0.1029
20130112.0000,2423.0000,14.2566,14.3380,13.9750,14.2370,26931.8300,14.1671,0.0766
20130113.0000,2758.0000,14.2370,14.3148,13.9490,14.1160,38330.1500,14.1079,0.0881
20130114.0000,3068.0000,14.1900,14.3500,14.1100,14.3000,22096.9500,14.2561,0.0647
20130115.0000,4246.0000,14.3500,14.4790,13.9918,14.2500,51573.2200,14.2017,0.0914
20130116.0000,4681.0000,14.3000,14.7300,14.2100,14.7300,45532.4800,14.5156,0.1258
20130117.0000,5982.0000,14.7300,15.7000,14.6300,15.5000,65489.4400,15.1656,0.3100
20130118.0000,4663.0000,15.5990,15.9850,15.4100,15.7050,56097.5400,15.6808,0.1263
20130119.0000,4032.0000,15.6843,15.7727,15.2500,15.6150,34588.8100,15.4578,0.1015
20130120.0000,2449.0000,15.6150,15.8900,15.5100,15.7000,25982.1200,15.7206,0.0907
20130121.0000,7144.0000,15.7000,16.9800,15.6341,16.8000,61502.1000,16.3846,0.3335
20130122.0000,5428.0000,16.8000,17.5900,16.6500,17.2614,60975.2400,17.1528,0.2649
20130123.0000,4894.0000,17.2614,17.5855,16.8015,17.5000,49439.3600,17.2168,0.2038
20130124.0000,16654.0000,17.5290,19.1900,15.6101,16.8960,172009.1000,17.7504,0.8942
20130125.0000,11011.0000,16.7600,17.7970,15.3861,17.4000,80767.4800,16.6638,0.5690
20130126.0000,5624.0000,17.4511,17.8800,16.5400,17.8800,34810.5900,17.1518,0.2907
20130127.0000,4649.0000,17.8100,18.0000,17.2100,17.8182,23766.8100,17.6536,0.2022
20130128.0000,6438.0000,17.8182,18.8800,17.7500,18.7210,57669.4300,18.3392,0.3187
20130129.0000,9178.0000,18.8000,19.8000,18.7000,19.5254,86082.0800,19.1692,0.2752
20130130.0000,5026.0000,19.5400,19.7989,19.1490,19.7000,45064.8300,19.4800,0.1589
20130131.0000,9051.0000,19.7000,21.4300,19.5112,20.4100,99226.7000,20.5815,0.4958
20130201.0000,5188.0000,20.5088,21.1300,20.3010,20.4990,49917.4700,20.7266,0.1863
20130202.0000,7572.0000,20.3611,20.5000,18.0000,19.6300,80501.6500,19.4695,0.5684
20130203.0000,4291.0000,19.7000,20.9000,19.4200,20.5900,34244.2900,20.2617,0.3612
20130204.0000,5278.0000,20.6000,21.0500,19.8550,20.4301,52219.1400,20.4249,0.2919
20130205.0000,5015.0000,20.4301,20.7900,20.2000,20.6000,29212.4300,20.5717,0.1177
20130206.0000,5888.0000,20.6600,21.3339,20.6000,21.1800,51989.5900,21.0888,0.1699
20130207.0000,6909.0000,21.1112,22.2200,20.7700,22.1500,64263.7600,21.6057,0.4012
20130208.0000,6017.0000,22.1100,22.7722,22.0000,22.6600,48649.9200,22.4189,0.1771
20130209.0000,5125.0000,22.6600,23.9896,22.5754,23.6500,38133.0100,23.2354,0.4192
20130210.0000,6519.0000,23.8000,24.1100,22.6700,23.9698,56426.0700,23.4203,0.3134
20130211.0000,6642.0000,23.9698,24.6750,23.6456,24.6500,29526.7300,24.1293,0.2286
20130212.0000,8425.0000,24.3865,25.8277,24.3001,25.1698,74239.9200,25.0884,0.4329
20130213.0000,7979.0000,25.1900,26.3000,24.1949,24.2000,90150.2000,25.4778,0.4264
20130214.0000,14354.0000,24.2000,27.5969,21.7210,27.2205,145734.7000,25.4590,1.4365
20130215.0000,8265.0000,27.2500,27.5062,26.1030,27.1000,51714.1400,26.9949,0.2942
20130216.0000,4013.0000,27.1000,27.4999,26.8075,27.2158,18826.9400,27.1644,0.1414
20130217.0000,9313.0000,27.3860,27.3999,25.0000,26.8146,77042.2200,26.3961,0.6168
20130218.0000,5258.0000,26.9000,27.1480,26.3627,26.9500,29744.2700,26.7570,0.1401
20130219.0000,9935.0000,26.9500,29.6500,26.8000,29.4176,99699.2500,28.1855,0.7410
20130220.0000,4805.0000,29.4176,29.8703,28.9884,29.6450,37209.3500,29.4722,0.2208
20130221.0000,4477.0000,29.6450,29.9780,29.3110,29.7477,34730.5100,29.6817,0.1569
20130222.0000,8677.0000,29.7500,31.3000,29.6700,30.2454,66951.6900,30.4609,0.4122
20130223.0000,9959.0000,30.2454,30.6899,28.0000,29.8000,72278.1700,29.0511,0.6118
20130224.0000,4987.0000,29.8000,30.3988,29.2012,29.8900,24274.8800,29.7814,0.2886
20130225.0000,5012.0000,29.8900,30.4000,29.5500,30.4000,26778.9500,30.0710,0.2209
20130226.0000,6572.0000,30.3999,31.6990,30.1171,31.1000,42864.3200,31.0117,0.4138
20130227.0000,5504.0000,31.2000,31.6500,30.7901,30.9012,30472.7700,31.2177,0.1967
20130228.0000,13649.0000,31.2600,34.5154,30.9020,33.3800,126517.4000,32.6944,0.7772
20130301.0000,6236.0000,33.3800,34.9000,32.9200,34.5000,39786.1400,34.2403,0.5119
20130302.0000,4000.0000,34.5000,34.8080,33.1500,34.2500,36662.4800,33.8705,0.3291
20130303.0000,3211.0000,34.2489,34.5000,33.8000,34.5000,12524.5900,34.1313,0.1641
20130304.0000,6546.0000,34.5000,36.7000,34.1900,36.1520,46771.4800,35.4709,0.7018
20130305.0000,11417.0000,36.1520,40.6463,36.1500,40.3300,85425.5100,39.3486,1.2320
20130306.0000,18089.0000,40.2299,49.0990,40.1446,41.0201,126451.7000,45.1751,2.1031
20130307.0000,16583.0000,41.0201,45.5000,33.3000,42.0000,157316.0000,40.9348,2.7597
20130308.0000,8449.0000,42.0000,44.5000,41.0200,44.1800,47095.9700,43.1597,0.7276
20130309.0000,7932.0000,44.1800,46.9900,43.4110,46.8500,44475.8800,45.4367,0.9239
20130310.0000,6766.0000,46.6100,47.9500,45.4710,46.0000,36363.2400,46.8364,0.6280
20130311.0000,6668.0000,46.0000,48.4690,45.5400,48.4000,41390.1700,47.6155,0.6636
20130312.0000,23749.0000,48.4000,48.4000,36.6500,44.2899,183404.7000,43.6979,2.0029
20130313.0000,7463.0000,44.3300,47.2950,43.7508,46.9200,49497.4400,46.4141,0.8252
20130314.0000,7832.0000,46.9201,47.9900,46.0500,47.1696,37034.8500,47.3136,0.4537
20130315.0000,5371.0000,47.0333,47.4500,46.4000,46.9500,20223.9400,47.0321,0.2264
20130316.0000,4212.0000,46.8601,47.3599,46.2707,47.0002,16288.5000,46.8640,0.2819
20130317.0000,4016.0000,47.0002,47.7400,46.8000,47.4000,13902.6100,47.3999,0.1910
20130318.0000,10114.0000,47.4000,52.8750,47.1201,51.6000,65199.7800,48.9836,1.3316
20130319.0000,14130.0000,51.6000,62.0000,50.0000,59.1400,111627.2000,55.3880,2.8099
20130320.0000,12443.0000,59.1400,66.0000,57.7020,64.4888,93128.8200,62.0227,2.4473
20130321.0000,15039.0000,64.4888,74.9000,63.1010,70.8500,94225.8100,69.0728,3.1379
20130322.0000,13640.0000,70.8400,73.7500,65.0000,69.8650,73168.0600,70.6461,1.8853
20130323.0000,20540.0000,70.2800,70.5025,52.3456,64.3500,150462.1000,62.6692,3.6200
20130324.0000,9049.0000,64.3500,72.5000,62.7000,71.5000,42006.3500,68.9220,2.8278
20130325.0000,11784.0000,71.5000,78.0000,69.5178,73.6000,79730.0600,74.2520,2.0923
20130326.0000,10989.0000,73.5856,79.7200,73.1100,78.5000,56654.3200,77.2469,1.5104
20130327.0000,12792.0000,78.7500,89.5000,78.4000,88.9200,72182.8100,84.8682,3.1936
20130328.0000,18255.0000,88.8000,95.7000,75.0011,86.1800,140226.8000,87.4129,5.1896
20130329.0000,13949.0000,86.1800,93.0600,83.0100,90.5000,83152.7400,88.7773,2.0066
20130330.0000,8067.0000,90.4660,94.9800,87.0000,92.1900,37270.5000,91.7237,1.3413
20130331.0000,5546.0000,92.1900,93.8000,91.0000,93.0300,21092.3700,92.6990,0.5495
20130401.0000,14329.0000,93.2500,106.0000,92.2361,104.0000,90527.2900,100.0357,4.1189
20130402.0000,16967.0000,104.0000,118.3600,99.0000,117.9800,81260.7900,107.6076,4.6358
20130403.0000,27501.0000,118.0000,147.0000,110.0000,135.0000,152624.2000,127.8935,8.6979
20130404.0000,20265.0000,135.0000,142.1200,116.3906,132.1200,88124.7700,131.6132,5.0170
20130405.0000,16707.0000,132.7999,144.9400,130.2430,142.3235,68557.5000,139.2172,3.4958
20130406.0000,8116.0000,142.0500,143.9000,139.5400,142.6311,18273.0800,142.1580,0.9815
20130407.0000,15935.0000,142.6311,164.9000,142.6311,162.3010,60947.5100,154.2551,6.4122
20130408.0000,24895.0000,163.8389,194.9000,162.5980,187.5000,114126.5000,181.4930,7.3296
20130409.0000,24880.0000,186.5000,240.1110,186.5000,230.0000,105724.6000,214.6735,17.7115
20130410.0000,38044.0000,230.0435,266.0000,105.0000,165.0000,190141.8000,184.6482,44.9233
20130411.0000,25930.0000,166.4815,188.7000,110.2000,124.9000,118645.4000,158.9260,18.2363
20130412.0000,72287.0000,124.9000,140.0000,54.2500,117.0000,556289.0000,85.5684,14.3503
20130413.0000,38322.0000,117.0000,130.0000,85.5000,93.0000,238226.3000,110.2079,8.4956
20130414.0000,27098.0000,93.0000,109.9980,84.4369,90.0000,166267.4000,97.4087,5.2777
20130415.0000,35283.0000,90.0000,102.0000,71.5100,82.3860,236632.2000,87.0675,7.7668
20130416.0000,60173.0000,82.5000,84.5000,50.0100,68.3557,572185.6000,65.3322,7.6486
20130417.0000,44270.0000,68.4900,98.7780,63.3000,93.0700,327596.5000,85.2690,8.2907
20130418.0000,30568.0000,93.0700,112.9999,86.0000,109.0100,172934.6000,97.3806,6.0194
20130419.0000,44076.0000,109.1526,136.4321,105.5400,118.4800,257118.5000,119.4303,5.5461
20130420.0000,18711.0000,118.4800,132.0000,115.0000,126.6155,74351.5000,124.0240,4.5082
20130421.0000,20046.0000,126.6155,130.4997,110.0000,119.2000,99128.5500,121.4978,4.2793
20130422.0000,15694.0000,118.5000,127.3999,118.5000,127.3999,59118.3400,123.2330,2.0393
20130423.0000,28620.0000,127.3999,144.0190,124.9700,143.4750,116098.2000,134.6297,5.3045
20130424.0000,42630.0000,143.4760,166.4343,140.9663,154.2000,225857.2000,152.0686,6.2626
20130425.0000,36731.0000,154.9000,162.0000,120.0890,141.7100,187632.7000,143.0706,9.7737
20130426.0000,32491.0000,141.7100,144.9870,121.4516,136.9000,128988.6000,132.2484,4.1519
20130427.0000,15973.0000,136.8900,139.8800,122.7100,128.0001,59870.7900,131.1792,4.0750
20130428.0000,9800.0000,128.0001,136.6800,127.5000,134.4444,27503.1100,133.1685,2.0767
20130429.0000,17625.0000,134.4000,149.0800,133.0000,143.9999,70186.3300,142.2495,3.7135
20130430.0000,14730.0000,143.8000,146.9300,134.0000,139.2269,65198.5700,139.8680,3.4998
20130501.0000,33503.0000,139.0000,140.0600,104.0000,116.3799,179988.8000,121.0516,8.6508
20130502.0000,41889.0000,116.3799,126.9000,91.1100,106.2500,234129.1000,106.4886,8.5249
20130503.0000,40035.0000,106.5000,109.0000,79.0000,98.1000,246411.1000,91.2956,5.9225
20130504.0000,26884.0000,98.1025,116.3000,92.0000,112.9000,132582.5000,106.6743,6.6024
20130505.0000,24307.0000,112.9000,118.8500,107.0000,115.9800,84177.8400,113.4962,3.1369
20130506.0000,34310.0000,115.9372,124.9000,106.0100,112.2500,150048.9000,117.3242,4.5465
20130507.0000,30565.0000,112.2450,114.0000,97.5200,109.6001,139626.7000,106.7057,3.3495
20130508.0000,20169.0000,109.6977,116.7770,109.5000,113.2000,61680.3200,113.3346,1.3988
20130509.0000,9807.0000,113.4899,113.7185,108.8000,112.7990,26894.4500,111.6612,1.1029
20130510.0000,17958.0000,112.7990,122.5000,111.5400,117.7000,77443.6700,118.0304,2.6782
20130511.0000,9835.0000,117.5900,118.7400,113.0000,115.6400,28023.4700,115.5466,1.2653
20130512.0000,7260.0000,115.6500,117.4700,112.4000,114.8200,20575.1800,114.6006,1.1123
20130513.0000,9608.0000,114.8200,118.8800,114.5002,117.9796,26134.0100,117.0202,0.8545
20130514.0000,19099.0000,117.9796,119.8000,109.4219,111.4000,87726.0900,114.8492,3.0322
20130515.0000,23252.0000,111.2999,116.4400,103.0184,114.2200,117898.2000,110.2475,3.5627
20130516.0000,11789.0000,114.2200,118.9699,112.1000,118.2100,45071.6800,115.4381,1.3515
20130517.0000,20243.0000,118.2100,125.5555,116.5712,123.4999,79063.3200,121.4305,2.5479
20130518.0000,9113.0000,123.5000,125.3118,122.2500,123.2110,22615.7100,123.8190,0.7078
20130519.0000,8876.0000,123.2500,124.5010,119.5000,122.5000,20478.4300,121.8672,1.1898
20130520.0000,7672.0000,122.5000,123.6900,120.1000,122.0200,17238.1100,122.3114,0.6784
20130521.0000,9586.0000,121.9999,123.0808,121.1000,122.8900,13313.6700,122.2823,0.4709
20130522.0000,7804.0000,122.8900,124.5000,122.0000,123.8000,18198.4800,122.9990,0.5250
20130523.0000,10989.0000,123.8000,126.9344,123.0000,126.3000,22045.4900,125.3254,0.8754
20130524.0000,15574.0000,126.3000,133.9800,125.3550,133.1000,48649.9800,129.8477,2.1378
20130525.0000,9189.0000,133.4000,133.5000,128.2000,131.9860,16816.5700,130.8735,1.1545
20130526.0000,9106.0000,131.9860,136.0000,130.6100,133.5000,23327.2100,134.0168,1.3669
20130527.0000,17333.0000,133.5000,135.4700,124.0000,129.7699,46796.5800,129.3409,3.0712
20130528.0000,10345.0000,129.7699,130.6299,125.4000,128.9999,22748.6900,127.9778,1.0666
20130529.0000,10628.0000,128.9990,132.7198,127.6000,132.2500,19177.3100,130.3747,1.3245
20130530.0000,10230.0000,132.2500,132.4000,126.5000,128.7990,24566.4500,129.4053,1.3987
20130531.0000,7283.0000,128.8000,130.0000,126.3300,128.8150,16466.8700,128.1498,0.8284
20130601.0000,5175.0000,128.8250,129.7899,127.1000,129.3000,6309.9210,128.4073,0.5568
20130602.0000,20294.0000,129.2981,130.1000,115.0000,122.5000,101114.7000,121.9639,3.7700
20130603.0000,12553.0000,122.4996,122.7848,115.1110,120.7371,28795.2800,119.0081,1.6503
20130604.0000,10314.0000,121.2135,123.9900,118.7852,121.3999,21749.7200,121.0708,1.2510
20130605.0000,7700.0000,121.3999,123.5000,119.5000,121.9000,16591.6900,121.4629,0.9572
20130606.0000,9543.0000,121.9000,123.2999,117.0000,118.9699,21921.9600,119.6774,1.4091
20130607.0000,19677.0000,118.0276,119.1333,106.1500,111.0000,65643.2800,112.0763,3.3319
20130608.0000,7981.0000,112.1200,113.1862,107.0000,107.8924,17113.5700,108.8078,0.9303
20130609.0000,35802.0000,107.8961,108.9900,88.0000,100.4374,149250.9000,98.0103,4.4802
20130610.0000,20194.0000,101.0000,110.6305,95.0000,106.3500,64125.6100,105.4909,3.3272
20130611.0000,8160.0000,106.1000,109.6000,103.2302,109.0000,15933.4400,106.9840,1.3946
20130612.0000,8769.0000,109.0000,112.2500,106.0000,108.7759,17540.5300,109.2665,1.1229
20130613.0000,9081.0000,109.1444,110.3000,100.3000,103.9490,30276.6600,105.2424,2.9637
20130614.0000,11696.0000,103.9489,104.7000,97.1000,100.0000,35923.5200,100.6372,1.5377
20130615.0000,7354.0000,100.0000,103.7000,97.5000,99.8000,22476.8400,100.4523,1.4594
20130616.0000,4309.0000,99.7900,101.7499,98.9002,99.9000,8619.5810,99.9252,0.5831
20130617.0000,5716.0000,99.9000,102.4000,98.9000,101.9500,15024.7700,100.9290,0.7510
20130618.0000,14133.0000,101.9500,113.3000,101.0331,107.3499,60446.3000,107.3982,2.7426
20130619.0000,8955.0000,107.0500,110.9863,104.6603,108.2510,17420.9900,107.8705,1.1736
20130620.0000,11472.0000,108.2500,114.4800,107.1222,111.2900,42909.5300,111.2610,1.5543
20130621.0000,10837.0000,111.0999,115.0050,107.5600,109.5000,37916.6100,111.3377,1.9580
20130622.0000,4107.0000,108.9000,109.9565,107.5111,108.2000,7196.6480,108.5306,0.5785
20130623.0000,3947.0000,108.0000,109.0000,106.1967,107.9000,10974.2100,107.4858,0.6250
20130624.0000,10005.0000,107.6000,108.3340,100.7610,102.0900,28755.7200,103.2910,1.8227
20130625.0000,15924.0000,102.9799,109.9800,100.0000,103.3293,93495.8600,104.1453,1.9626
20130626.0000,6151.0000,103.8400,105.4899,101.8322,104.0000,13074.0000,104.1115,0.7205
20130627.0000,4822.0000,103.9999,104.0000,100.0550,101.7367,14516.4600,102.0798,0.6990
20130628.0000,10676.0000,101.6062,101.7879,92.2500,94.6600,47455.0800,96.8077,2.1390
20130629.0000,7942.0000,94.7000,100.4398,93.0000,94.9990,25419.6200,96.6920,1.5791
20130630.0000,3764.0000,94.9990,98.1223,93.8500,97.5100,8488.3170,96.8436,0.9045
20130701.0000,10529.0000,97.5089,98.1801,86.0110,88.0500,52796.1900,91.2438,3.1882
20130702.0000,7910.0000,88.0400,92.5700,87.5100,90.4050,27396.3800,90.0304,0.9885
20130703.0000,12196.0000,90.0401,91.2000,76.0000,78.8900,73017.0600,83.1767,3.8825
20130704.0000,10986.0000,78.2000,84.2700,72.0000,80.0357,63440.3700,78.2861,2.4953
20130705.0000,15633.0000,80.0421,80.6030,65.4245,68.5000,90767.5300,71.1093,3.5580
20130706.0000,15850.0000,68.8900,75.0000,66.8119,69.6550,40793.4200,70.2573,1.9251
20130707.0000,8811.0000,69.6621,77.0000,66.6000,76.5000,42847.0100,70.7706,2.2287
20130708.0000,11059.0000,76.5000,80.0000,72.4600,76.0000,58514.6400,76.9594,1.5336
20130709.0000,7413.0000,76.0010,78.3000,72.5100,76.7000,32217.3900,75.6457,1.3474
20130710.0000,10253.0000,76.7000,89.8400,75.5300,88.0000,59672.7000,82.3951,3.7727
20130711.0000,7652.0000,87.9464,90.7000,85.0000,88.9790,35244.0000,87.5180,1.2193
20130712.0000,17388.0000,88.9790,104.1718,88.0000,93.9899,101213.4000,96.4255,3.5095
20130713.0000,9086.0000,93.9899,98.3200,87.7640,98.3200,34261.1500,93.0089,2.5609
20130714.0000,5949.0000,98.3200,99.0000,92.8600,94.4199,12218.4600,95.8761,1.1259
20130715.0000,8141.0000,94.3400,101.9400,93.1100,98.8903,34121.7400,98.6516,2.0133
20130716.0000,5251.0000,98.9000,100.7319,96.0000,97.1000,15900.4200,98.1541,0.9360
20130717.0000,4279.0000,96.9700,100.0000,96.1800,98.5000,16680.4200,98.4446,0.7552
20130718.0000,11048.0000,98.5000,98.8000,86.2000,90.0689,58919.2500,90.9396,2.7517
20130719.0000,6691.0000,90.0800,95.2001,87.6000,92.0000,26957.5400,91.7905,2.0870
20130720.0000,3480.0000,92.0000,93.1007,89.2700,89.8214,9066.0040,91.4905,0.9511
20130721.0000,3052.0000,89.9500,92.0000,88.0000,91.9980,8614.0510,89.3115,0.9399
20130722.0000,2816.0000,91.9800,92.0000,89.8000,91.6010,8215.9020,91.4500,0.5461
20130723.0000,5244.0000,91.6010,97.1312,91.6000,95.5585,23790.4200,94.6421,1.3677
20130724.0000,4275.0000,95.6115,95.9900,92.3000,95.0900,13827.2000,94.3094,0.7628
20130725.0000,6051.0000,95.0900,97.4767,93.5700,96.9500,21666.3700,96.3138,1.0018
20130726.0000,3291.0000,97.0000,97.4760,96.0000,96.0202,10435.7900,96.2871,0.3748
20130727.0000,4442.0000,96.0202,97.0000,93.0000,94.4000,14637.4700,94.5001,0.7847
20130728.0000,6474.0000,94.2000,100.5771,94.0000,98.7800,42022.3700,98.4697,1.8264
20130729.0000,5973.0000,98.7801,102.8500,98.4500,101.4840,23930.0200,100.8108,1.1537
20130730.0000,7379.0000,101.2100,107.9900,100.4700,107.9600,26911.7700,103.8072,1.9111
20130731.0000,9619.0000,107.2636,111.6520,103.5500,106.2118,44785.5900,108.0265,1.7752
20130801.0000,5366.0000,106.2269,108.0000,103.0000,104.0000,13994.4900,105.2915,1.1522
20130802.0000,6046.0000,104.6204,108.0000,101.2111,104.5010,26584.8400,105.0676,1.6776
20130803.0000,3911.0000,104.6000,105.8852,102.0000,104.9500,8342.9180,103.8031,0.7416
20130804.0000,3555.0000,104.9000,106.0000,103.5010,105.1200,6101.2070,104.8599,0.5491
20130805.0000,5564.0000,105.1200,107.7700,105.0000,106.7200,14507.9300,106.4064,0.7132
20130806.0000,3326.0000,106.2200,107.5000,105.1111,106.5564,12234.5600,106.3387,0.4869
20130807.0000,2442.0000,106.5564,106.9600,105.2200,105.9899,6791.4450,106.0061,0.4501
20130808.0000,5380.0000,105.9899,106.6500,100.9596,103.0500,23221.2800,103.2587,1.4202
20130809.0000,3749.0000,103.0700,105.7899,101.9350,102.8000,10979.3800,103.2070,0.9658
20130810.0000,2545.0000,102.3800,103.8999,102.3800,102.9999,3411.3330,103.0788,0.3991
20130811.0000,3189.0000,102.9999,105.1900,102.7000,105.0000,7870.9010,104.2729,0.5933
20130812.0000,4507.0000,105.0000,108.1210,103.5000,106.8134,19141.5900,106.0920,1.3894
20130813.0000,5613.0000,106.9899,109.6400,104.5000,109.6000,17808.4600,107.3826,1.0640
20130814.0000,9370.0000,109.4251,115.0000,108.0000,112.5620,49406.6700,112.6902,1.6184
20130815.0000,4485.0000,112.5620,113.3210,108.7800,109.9949,14794.8200,111.0833,1.0058
20130816.0000,4449.0000,109.1052,112.3000,108.2100,108.9943,12567.4700,109.7079,0.8160
20130817.0000,3182.0000,108.9949,114.0000,108.2250,112.7500,12258.6500,112.0061,1.7786
20130818.0000,3592.0000,112.7600,114.6900,112.0000,113.3800,9324.8800,113.6577,0.6852
20130819.0000,11103.0000,113.3950,123.7451,111.7710,118.5020,51420.1300,118.4049,2.4513
20130820.0000,7529.0000,119.0000,123.0111,116.8170,121.2000,23213.8500,120.7842,1.1642
20130821.0000,8000.0000,121.2000,125.0000,119.6816,123.3000,29616.9100,122.8334,1.4003
20130822.0000,4269.0000,123.1349,124.4900,120.5400,121.9999,12815.3800,122.0356,0.6774
20130823.0000,5209.0000,121.9999,122.0000,118.4440,118.5100,18231.2500,119.6115,0.9382
20130824.0000,4063.0000,118.5100,121.3900,118.0200,119.6025,8370.8200,119.6583,1.0439
20130825.0000,3058.0000,119.6025,122.9900,119.1400,122.1110,7101.5240,121.6951,0.9942
20130826.0000,3882.0000,122.1110,122.9699,119.9161,120.0700,10115.2700,121.2912,0.7603
20130827.0000,9968.0000,120.1000,133.0000,120.0000,131.2950,52815.7300,127.8608,3.0536
20130828.0000,4265.0000,130.2050,131.7244,128.0200,128.7600,11556.0800,129.7075,0.8419
20130829.0000,2746.0000,128.5720,131.2000,128.1800,129.3003,7362.9240,129.0692,0.6057
20130830.0000,8677.0000,129.3003,142.7617,128.5600,138.0300,44989.7500,136.2680,3.7171
20130831.0000,8559.0000,138.0300,148.7000,135.8900,141.0000,30617.8000,143.0390,3.5317
20130901.0000,5362.0000,141.0000,147.2900,141.0000,146.0100,13933.3700,144.4611,1.3191
20130902.0000,4204.0000,146.0100,148.5000,142.1100,144.0000,10444.5100,145.1435,1.4113
20130903.0000,5924.0000,144.0000,148.9089,142.2000,144.0000,15761.4600,145.2318,1.5221
20130904.0000,6978.0000,144.0000,145.8000,130.0899,132.5100,27617.9500,137.2212,4.6231
20130905.0000,11385.0000,132.5100,137.9700,127.2416,130.2000,25687.3900,131.9001,2.5026
20130906.0000,6880.0000,131.6500,133.9999,121.9000,121.9000,18159.8100,127.0117,3.2577
20130907.0000,6823.0000,122.4100,131.0249,121.2500,128.9949,13551.3000,126.2937,2.2798
20130908.0000,6811.0000,128.5000,129.8699,124.0600,126.3150,7127.4320,125.9940,1.4586
20130909.0000,13681.0000,126.3150,137.4800,124.0000,133.1000,28172.6200,131.7968,3.7581
20130910.0000,11423.0000,133.1000,136.0200,131.3750,132.6163,7833.1000,133.6551,0.8757
20130911.0000,14493.0000,132.6163,145.9000,127.5000,142.1000,40468.7700,137.4157,4.6020
20130912.0000,7694.0000,142.1000,145.5167,137.5100,139.3549,19360.4700,140.8205,1.4709
20130913.0000,7288.0000,138.3701,145.6041,137.8200,140.6600,18892.2700,142.9759,1.6926
20130914.0000,4807.0000,140.6600,142.0000,136.5000,136.7149,8361.5950,139.0731,1.3523
20130915.0000,3926.0000,136.7162,141.0000,135.0400,138.3002,6197.9230,137.5515,1.3593
20130916.0000,6410.0000,138.4000,142.2300,137.9000,139.4193,9267.7350,139.8199,1.0565
20130917.0000,5486.0000,139.0100,141.3700,138.0000,139.1500,8242.2700,139.4404,0.7913
20130918.0000,4829.0000,139.1500,142.0000,139.0100,140.4123,8189.6080,140.2388,0.6541
20130919.0000,9139.0000,140.4123,141.2000,131.1400,135.0503,19769.4400,136.3363,2.3696
20130920.0000,5990.0000,135.8947,137.2800,131.0000,133.8072,9923.6700,134.5092,0.9712
20130921.0000,3387.0000,133.8072,135.9900,132.0000,134.3800,4441.2470,133.8331,0.8411
20130922.0000,3153.0000,134.3379,135.0000,131.0000,134.0000,5570.7400,132.7738,0.9137
20130923.0000,3748.0000,134.9000,135.0000,132.0000,133.4000,4464.4930,133.5505,0.8114
20130924.0000,4003.0000,133.4000,136.5914,132.5000,134.7788,6929.8700,134.5043,0.9594
20130925.0000,4016.0000,134.7789,138.0000,134.7000,135.0000,8243.7850,136.2194,0.8215
20130926.0000,3968.0000,135.0013,139.0000,134.7100,137.1000,5222.8380,136.4602,0.7603
20130927.0000,9163.0000,135.8500,142.6600,134.8281,138.9300,25900.1900,138.7490,1.6080
20130928.0000,4434.0000,138.9300,143.0000,138.0202,142.5000,12989.2700,140.7282,1.0953
20130929.0000,4463.0000,142.4900,145.8100,141.3600,143.8840,17790.5900,144.3215,0.9784
20130930.0000,4477.0000,143.8940,145.8100,138.1200,141.8965,12845.1100,142.1438,1.7251
20131001.0000,4046.0000,143.2812,144.4400,139.4100,140.3000,7709.5670,141.6635,1.2529
20131002.0000,19174.0000,140.3000,141.9299,109.7000,123.0000,110147.6000,124.7600,7.9297
20131003.0000,9142.0000,123.0000,132.0000,120.1000,130.9892,34445.5600,127.3481,2.6879
20131004.0000,5018.0000,130.9790,139.8000,128.5000,136.8222,17710.2400,134.8192,2.4982
20131005.0000,1486.0000,136.8222,138.0000,135.3000,136.6951,4479.6670,136.4793,0.6633
20131006.0000,1599.0000,136.7302,138.0000,134.1000,137.8000,4660.1270,136.0544,0.9291
20131007.0000,2000.0000,137.0100,139.0000,135.1200,135.8000,6405.7760,137.1685,0.8681
20131008.0000,1416.0000,136.8227,137.7949,135.6600,136.5000,4157.4100,136.6789,0.5463
20131009.0000,4409.0000,136.5099,142.1000,135.8000,139.5000,16615.1700,139.2792,1.5944
20131010.0000,3255.0000,139.4200,141.6900,138.5100,140.4101,10157.6300,140.5866,0.6773
20131011.0000,1767.0000,141.4100,141.8500,138.8700,140.1000,6280.5110,140.6303,0.6598
20131012.0000,2325.0000,141.7929,143.0571,139.4000,142.8999,10622.0200,141.6296,0.8520
20131013.0000,4376.0000,142.6109,147.6500,141.5002,147.5300,15998.5100,144.8625,1.4019
20131014.0000,7652.0000,147.5300,153.6990,146.0326,151.3800,29438.9300,150.5692,1.6572
20131015.0000,3952.0000,150.6295,158.1000,150.6280,158.1000,14282.4500,154.3330,1.9522
20131016.0000,9005.0000,158.1000,163.0000,144.2000,152.8300,41433.5700,155.3084,4.6325
20131017.0000,6018.0000,151.6450,159.9500,150.7547,157.6000,15093.8400,155.7554,2.3870
20131018.0000,6918.0000,158.2532,168.3000,156.5000,168.3000,24861.1100,163.3671,3.0435
20131019.0000,14476.0000,168.2000,195.8326,167.1000,183.1799,54485.2000,181.0761,6.7597
20131020.0000,4235.0000,180.8000,186.1200,177.2500,186.1200,11174.8700,182.9045,2.2451
20131021.0000,8402.0000,186.1200,197.3900,183.2000,192.7950,22991.3300,191.6523,2.4385
20131022.0000,8665.0000,192.7950,205.5000,192.7950,203.0000,32953.9800,199.7480,3.0000
20131023.0000,12227.0000,203.9982,228.0000,200.7500,228.0000,38958.6500,213.8809,6.4776
20131024.0000,24574.0000,227.9999,233.4000,175.3000,206.9950,95972.9700,203.0714,13.0909
20131025.0000,10861.0000,206.9850,209.0000,176.6039,197.9099,35744.0300,188.5744,7.2057
20131026.0000,4676.0000,197.1987,198.4267,187.0000,188.5600,11593.2200,192.1036,2.6583
20131027.0000,5667.0000,189.9236,207.9000,189.0000,207.0001,12904.9300,199.8213,4.7781
20131028.0000,4965.0000,207.5000,209.7900,200.4200,206.9000,10041.1500,206.4155,2.0302
20131029.0000,4751.0000,207.5000,216.5000,204.2000,216.0000,8958.3870,211.2659,2.7881
20131030.0000,5227.0000,215.5020,216.5000,204.0000,208.0000,12582.4600,210.9925,3.1338
20131031.0000,3145.0000,206.0000,215.0000,205.4356,211.1714,4608.2920,211.9278,2.3064
20131101.0000,2114.0000,211.2017,215.0000,209.7600,213.5000,4884.4500,212.8724,1.2992
20131102.0000,2106.0000,213.5000,214.8799,211.0200,211.7000,4375.2320,213.0383,1.0989
20131103.0000,5250.0000,212.2000,226.9590,212.1050,224.0100,12032.8400,219.5227,3.8622
20131104.0000,7688.0000,224.7000,239.0200,222.0000,238.1903,16899.8300,230.5291,4.5725
20131105.0000,14810.0000,238.1903,258.8762,229.0000,251.3000,44067.2500,245.8341,6.7876
20131106.0000,9888.0000,251.4134,272.5200,251.4134,264.1000,37807.2400,263.0271,4.2034
20131107.0000,22675.0000,264.1100,324.1980,263.6000,309.6590,85178.5900,296.9493,13.7185
20131108.0000,14869.0000,309.9999,358.0000,308.0100,355.0000,43831.6000,337.7874,12.4396
20131109.0000,17586.0000,355.0636,395.0000,340.0000,367.8000,49272.4600,369.3656,12.5109
20131110.0000,26997.0000,365.1200,372.5000,290.0000,336.3310,74095.6700,326.2547,16.2885
20131111.0000,8858.0000,341.0302,376.0000,321.4100,363.0000,17785.2500,351.6977,14.6887
20131112.0000,12430.0000,362.9999,391.5257,359.0200,380.1000,21029.6500,377.4417,6.6198
20131113.0000,14370.0000,380.2500,445.0000,372.1830,434.8799,35274.2700,410.5071,19.8921
20131114.0000,15182.0000,434.8749,447.4999,402.5400,433.4000,30773.2700,428.4428,10.5117
20131115.0000,11359.0000,433.4000,458.0000,413.0500,434.0000,27269.0900,436.3406,11.1797
20131116.0000,9364.0000,434.0000,477.0000,428.0117,461.9999,18664.1400,456.8994,10.7257
20131117.0000,13395.0000,458.9514,536.7770,457.0000,528.3199,26509.6600,499.5358,16.8416
20131118.0000,33054.0000,528.0000,788.0000,522.0000,785.5000,71436.4100,631.0406,66.2314
20131119.0000,48965.0000,785.5000,900.9799,502.6212,645.7167,98637.1300,697.1899,76.9786
20131120.0000,38046.0000,643.0000,650.0000,453.2900,638.0000,91019.9600,553.6288,50.6615
20131121.0000,24353.0000,630.1200,784.4444,595.2100,765.1000,38191.5600,700.3896,50.1536
20131122.0000,24486.0000,768.9999,821.9990,682.3000,802.0000,29655.7300,752.1993,32.1301
20131123.0000,18635.0000,802.0000,889.9999,799.6048,832.5240,20952.7500,840.4296,19.5159
20131124.0000,18540.0000,839.9900,855.0000,745.2000,795.0000,25843.7200,800.4346,26.1531
20131125.0000,18211.0000,795.0016,850.0000,758.9585,830.0000,25978.2900,812.2143,19.8664
20131126.0000,21279.0000,829.9950,975.0000,825.1000,970.0000,31183.0700,894.8863,38.5484
20131127.0000,24036.0000,970.0000,1094.7940,914.3155,1080.0000,37306.2400,1000.3970,41.0963
20131128.0000,27196.0000,1087.9430,1224.5990,1032.1500,1101.4740,37215.1200,1148.1120,45.7142
20131129.0000,37564.0000,1101.4200,1242.0000,1050.0000,1206.9770,38295.1900,1163.4860,37.6756
20131130.0000,18425.0000,1205.0000,1233.0000,1150.2500,1205.8000,14782.9500,1209.9370,13.3483
20131201.0000,49211.0000,1206.0000,1216.9000,840.3200,1004.4230,79772.6900,1041.5440,91.1769
